Round#,Food,Metal,Ore,Tools,Wood,Work
0,33.0,15.0,5.0,3.0,12.0,12.0
1,30.0,15.0,0.0,3.0,9.0,11.0
2,28.0,15.0,0.0,5.0,8.0,10.0
3,26.0,15.0,4.0,5.0,6.0,10.0
4,24.0,11.0,4.0,6.0,7.0,10.0
5,25.0,13.0,4.0,5.0,5.0,9.0
6,28.0,13.0,4.0,0.0,5.0,10.0
7,21.0,13.0,4.0,1.0,3.0,10.0
8,19.0,12.0,4.0,0.0,3.0,10.0
9,18.0,9.0,4.0,1.0,3.0,10.0
10,18.0,6.0,1.0,0.0,2.0,10.0
11,17.0,3.0,1.0,1.0,3.0,11.0
12,13.0,1.0,1.0,1.0,2.0,11.0
13,12.0,4.0,1.0,0.0,2.0,11.0
14,11.0,4.0,1.0,0.0,2.0,11.0
15,13.0,3.0,4.0,0.0,1.0,10.0
16,12.0,2.0,3.0,0.0,2.0,10.0
17,11.0,0.0,4.0,1.0,3.0,11.0
18,12.0,5.0,1.0,1.0,2.0,10.0
19,11.0,0.0,4.0,2.0,2.0,9.0
20,12.0,0.0,0.0,0.0,2.0,9.0
21,13.0,0.0,0.0,1.0,1.0,8.0
22,12.0,0.0,0.0,0.0,3.0,11.0
23,12.0,0.0,0.0,0.0,1.0,10.0
24,12.0,0.0,0.0,0.0,2.0,10.0
25,12.0,0.0,0.0,0.0,2.0,10.0
26,11.0,0.0,0.0,0.0,1.0,9.0
27,12.0,0.0,0.0,1.0,1.0,8.0
28,12.0,3.0,0.0,0.0,1.0,7.0
29,13.0,1.0,1.0,1.0,3.0,8.0
30,12.0,1.0,2.0,1.0,3.0,9.0
31,12.0,0.0,3.0,0.0,2.0,9.0
32,13.0,0.0,2.0,0.0,2.0,9.0
33,12.0,0.0,0.0,1.0,2.0,9.0
34,12.0,0.0,0.0,1.0,2.0,9.0
35,12.0,0.0,0.0,0.0,0.0,7.0
36,12.0,0.0,0.0,1.0,2.0,7.0
37,12.0,4.0,0.0,0.0,2.0,7.0
38,12.0,1.0,2.0,1.0,3.0,8.0
39,13.0,0.0,1.0,0.0,1.0,7.0
40,12.0,0.0,1.0,2.0,2.0,7.0
41,11.0,4.0,0.0,0.0,2.0,7.0
42,13.0,1.0,1.0,1.0,2.0,7.0
43,13.0,0.0,1.0,0.0,2.0,7.0
44,12.0,0.0,1.0,0.0,2.0,7.0
45,12.0,0.0,1.0,1.0,3.0,8.0
46,12.0,0.0,0.0,1.0,2.0,8.0
47,12.0,0.0,0.0,0.0,1.0,7.0
48,12.0,0.0,0.0,0.0,2.0,7.0
49,12.0,0.0,0.0,0.0,1.0,6.0
50,12.0,0.0,0.0,1.0,2.0,6.0
51,12.0,0.0,0.0,0.0,2.0,6.0
52,12.0,0.0,0.0,0.0,3.0,7.0
53,12.0,0.0,0.0,0.0,2.0,7.0
54,12.0,0.0,0.0,0.0,1.0,6.0
55,12.0,0.0,0.0,0.0,1.0,5.0
56,11.0,0.0,0.0,0.0,2.0,5.0
57,12.0,0.0,0.0,0.0,3.0,6.0
58,12.0,0.0,0.0,0.0,2.0,6.0
59,11.0,0.0,0.0,0.0,1.0,5.0
60,11.0,0.0,0.0,0.0,1.0,4.0
61,13.0,0.0,0.0,0.0,3.0,5.0
62,12.0,0.0,0.0,1.0,2.0,5.0
63,12.0,1.0,0.0,0.0,3.0,6.0
64,12.0,1.0,0.0,0.0,2.0,6.0
65,13.0,1.0,4.0,0.0,2.0,6.0
66,13.0,1.0,0.0,0.0,2.0,6.0
67,12.0,1.0,0.0,0.0,2.0,6.0
68,12.0,0.0,0.0,0.0,1.0,5.0
69,12.0,0.0,0.0,0.0,2.0,5.0
70,12.0,0.0,0.0,0.0,2.0,5.0
71,12.0,0.0,0.0,1.0,2.0,5.0
72,12.0,0.0,0.0,0.0,2.0,5.0
73,12.0,0.0,0.0,0.0,3.0,6.0
74,12.0,0.0,0.0,0.0,2.0,6.0
75,12.0,0.0,0.0,0.0,2.0,6.0
76,12.0,0.0,0.0,1.0,2.0,6.0
77,13.0,0.0,0.0,0.0,1.0,5.0
78,12.0,0.0,0.0,0.0,2.0,5.0
79,12.0,0.0,0.0,0.0,2.0,5.0
80,12.0,0.0,0.0,0.0,1.0,4.0
81,12.0,0.0,0.0,1.0,3.0,5.0
82,12.0,0.0,0.0,0.0,3.0,6.0
83,12.0,0.0,0.0,0.0,2.0,6.0
84,12.0,0.0,0.0,0.0,2.0,6.0
85,12.0,0.0,0.0,0.0,1.0,5.0
86,12.0,0.0,0.0,0.0,1.0,4.0
87,12.0,0.0,0.0,0.0,3.0,5.0
88,12.0,0.0,0.0,0.0,2.0,5.0
89,12.0,0.0,0.0,0.0,3.0,6.0
90,12.0,0.0,0.0,0.0,2.0,6.0
91,12.0,0.0,0.0,0.0,1.0,5.0
92,12.0,0.0,0.0,0.0,1.0,4.0
93,12.0,0.0,0.0,1.0,3.0,5.0
94,12.0,0.0,0.0,0.0,2.0,5.0
95,12.0,0.0,0.0,0.0,2.0,5.0
96,12.0,0.0,0.0,0.0,2.0,5.0
97,12.0,0.0,0.0,0.0,2.0,5.0
98,12.0,0.0,0.0,1.0,2.0,5.0
99,12.0,3.0,0.0,0.0,1.0,4.0
100,12.0,1.0,4.0,0.0,3.0,5.0
101,12.0,1.0,0.0,0.0,2.0,5.0
102,12.0,0.0,3.0,0.0,1.0,4.0
103,12.0,0.0,1.0,0.0,2.0,4.0
104,11.0,0.0,0.0,1.0,2.0,4.0
105,12.0,0.0,0.0,1.0,2.0,4.0
106,12.0,0.0,0.0,0.0,2.0,4.0
107,12.0,0.0,0.0,0.0,2.0,4.0
108,12.0,0.0,0.0,0.0,2.0,4.0
109,12.0,0.0,0.0,0.0,2.0,4.0
110,12.0,0.0,0.0,0.0,2.0,4.0
111,12.0,0.0,0.0,0.0,2.0,4.0
112,12.0,0.0,0.0,0.0,2.0,4.0
113,12.0,0.0,0.0,0.0,2.0,4.0
114,11.0,0.0,0.0,0.0,2.0,4.0
115,14.0,0.0,0.0,0.0,2.0,4.0
116,12.0,0.0,0.0,0.0,2.0,4.0
117,11.0,0.0,0.0,0.0,2.0,4.0
118,11.0,0.0,0.0,1.0,2.0,4.0
119,11.0,0.0,0.0,0.0,2.0,4.0
120,11.0,0.0,0.0,0.0,2.0,4.0
121,11.0,0.0,0.0,0.0,2.0,4.0
122,11.0,0.0,0.0,0.0,2.0,4.0
123,12.0,0.0,0.0,0.0,2.0,4.0
124,12.0,0.0,0.0,0.0,2.0,4.0
125,12.0,0.0,0.0,1.0,2.0,4.0
126,12.0,3.0,0.0,0.0,2.0,4.0
127,12.0,1.0,0.0,0.0,2.0,4.0
128,12.0,1.0,1.0,0.0,2.0,4.0
129,11.0,0.0,1.0,0.0,2.0,4.0
130,11.0,0.0,1.0,0.0,1.0,3.0
131,11.0,0.0,1.0,0.0,2.0,3.0
132,11.0,0.0,0.0,0.0,2.0,3.0
133,11.0,0.0,0.0,0.0,2.0,3.0
134,11.0,0.0,0.0,2.0,2.0,3.0
135,13.0,0.0,0.0,0.0,2.0,3.0
136,12.0,0.0,0.0,0.0,2.0,3.0
137,12.0,0.0,0.0,0.0,2.0,3.0
138,12.0,0.0,0.0,0.0,2.0,3.0
139,12.0,0.0,0.0,1.0,2.0,3.0
140,12.0,0.0,0.0,0.0,2.0,3.0
141,12.0,0.0,0.0,0.0,2.0,3.0
142,12.0,0.0,0.0,0.0,2.0,3.0
143,12.0,0.0,0.0,0.0,2.0,3.0
144,12.0,0.0,0.0,1.0,2.0,3.0
145,12.0,0.0,0.0,0.0,2.0,3.0
146,11.0,0.0,0.0,0.0,2.0,3.0
147,11.0,0.0,0.0,1.0,2.0,3.0
148,11.0,1.0,0.0,0.0,1.0,2.0
149,11.0,1.0,0.0,0.0,2.0,2.0
150,12.0,1.0,0.0,0.0,2.0,2.0
151,12.0,1.0,1.0,0.0,2.0,2.0
152,12.0,1.0,1.0,0.0,2.0,2.0
153,12.0,0.0,1.0,1.0,2.0,2.0
154,14.0,0.0,1.0,0.0,2.0,2.0
155,12.0,0.0,0.0,0.0,2.0,2.0
156,12.0,0.0,0.0,0.0,2.0,2.0
157,12.0,0.0,0.0,0.0,2.0,2.0
158,12.0,0.0,0.0,0.0,2.0,2.0
159,12.0,0.0,0.0,0.0,2.0,2.0
160,12.0,0.0,0.0,1.0,2.0,2.0
161,12.0,0.0,0.0,1.0,2.0,2.0
162,12.0,0.0,0.0,2.0,2.0,2.0
163,12.0,1.0,0.0,0.0,2.0,2.0
164,12.0,1.0,0.0,0.0,2.0,2.0
165,13.0,1.0,2.0,0.0,2.0,2.0
166,12.0,1.0,1.0,1.0,2.0,2.0
167,12.0,1.0,1.0,2.0,2.0,2.0
168,13.0,0.0,0.0,1.0,2.0,2.0
169,13.0,0.0,0.0,1.0,3.0,3.0
170,12.0,2.0,0.0,0.0,2.0,3.0
171,13.0,1.0,3.0,0.0,2.0,3.0
172,12.0,1.0,1.0,0.0,2.0,3.0
173,13.0,1.0,0.0,0.0,2.0,3.0
174,13.0,0.0,1.0,0.0,2.0,3.0
175,12.0,0.0,1.0,0.0,2.0,3.0
176,12.0,0.0,1.0,0.0,2.0,3.0
177,11.0,0.0,1.0,0.0,2.0,3.0
178,11.0,0.0,0.0,0.0,2.0,3.0
179,11.0,0.0,0.0,0.0,2.0,3.0
180,11.0,0.0,0.0,0.0,2.0,3.0
181,11.0,0.0,0.0,0.0,2.0,3.0
182,11.0,0.0,0.0,0.0,1.0,2.0
183,11.0,0.0,0.0,0.0,2.0,2.0
184,11.0,0.0,0.0,0.0,2.0,2.0
185,11.0,0.0,0.0,0.0,2.0,2.0
186,11.0,0.0,0.0,0.0,2.0,2.0
187,11.0,0.0,0.0,0.0,2.0,2.0
188,11.0,0.0,0.0,0.0,1.0,1.0
189,11.0,0.0,0.0,0.0,2.0,2.0
190,11.0,0.0,0.0,0.0,2.0,2.0
191,11.0,0.0,0.0,0.0,2.0,2.0
192,11.0,0.0,0.0,0.0,2.0,2.0
193,11.0,0.0,0.0,0.0,2.0,2.0
194,11.0,0.0,0.0,1.0,1.0,1.0
195,11.0,0.0,0.0,0.0,2.0,2.0
196,11.0,0.0,0.0,0.0,2.0,2.0
197,14.0,0.0,0.0,0.0,2.0,2.0
198,12.0,0.0,0.0,0.0,2.0,2.0
199,12.0,0.0,0.0,1.0,2.0,2.0
200,11.0,0.0,0.0,0.0,2.0,2.0
201,13.0,0.0,0.0,0.0,2.0,2.0
202,12.0,0.0,0.0,0.0,2.0,2.0
203,12.0,0.0,0.0,0.0,2.0,2.0
204,12.0,0.0,0.0,0.0,2.0,2.0
205,12.0,0.0,0.0,0.0,2.0,2.0
206,12.0,0.0,0.0,0.0,2.0,2.0
207,12.0,0.0,0.0,1.0,2.0,2.0
208,12.0,0.0,0.0,0.0,2.0,2.0
209,12.0,0.0,0.0,1.0,2.0,2.0
210,11.0,0.0,0.0,0.0,2.0,2.0
211,12.0,0.0,0.0,0.0,2.0,2.0
212,12.0,0.0,0.0,0.0,2.0,2.0
213,12.0,0.0,0.0,0.0,2.0,2.0
214,12.0,0.0,0.0,0.0,2.0,2.0
215,12.0,0.0,0.0,0.0,2.0,2.0
216,12.0,0.0,0.0,0.0,2.0,2.0
217,13.0,0.0,0.0,0.0,2.0,2.0
218,12.0,0.0,0.0,1.0,2.0,2.0
219,11.0,1.0,0.0,1.0,2.0,2.0
220,11.0,1.0,0.0,0.0,2.0,2.0
221,12.0,1.0,0.0,0.0,2.0,2.0
222,12.0,1.0,0.0,0.0,2.0,2.0
223,12.0,1.0,4.0,0.0,2.0,2.0
224,12.0,0.0,0.0,0.0,2.0,2.0
225,13.0,0.0,0.0,0.0,2.0,2.0
226,12.0,0.0,0.0,0.0,2.0,2.0
227,14.0,0.0,0.0,0.0,2.0,2.0
228,12.0,0.0,0.0,0.0,2.0,2.0
229,12.0,0.0,0.0,1.0,2.0,2.0
230,11.0,0.0,0.0,0.0,2.0,2.0
231,12.0,0.0,0.0,1.0,2.0,2.0
232,12.0,0.0,0.0,0.0,2.0,2.0
233,12.0,0.0,0.0,0.0,2.0,2.0
234,12.0,0.0,0.0,1.0,2.0,2.0
235,12.0,0.0,0.0,1.0,2.0,2.0
236,12.0,1.0,0.0,1.0,2.0,2.0
237,12.0,1.0,0.0,0.0,2.0,2.0
238,12.0,1.0,0.0,0.0,2.0,2.0
239,12.0,1.0,4.0,0.0,2.0,2.0
240,13.0,1.0,0.0,0.0,2.0,2.0
241,12.0,0.0,0.0,0.0,2.0,2.0
242,12.0,0.0,0.0,1.0,2.0,2.0
243,12.0,0.0,0.0,0.0,2.0,2.0
244,12.0,0.0,0.0,0.0,2.0,2.0
245,12.0,0.0,0.0,0.0,2.0,2.0
246,12.0,0.0,0.0,0.0,2.0,2.0
247,12.0,0.0,0.0,0.0,2.0,2.0
248,12.0,0.0,0.0,0.0,2.0,2.0
249,12.0,0.0,0.0,0.0,2.0,2.0
250,13.0,0.0,0.0,0.0,2.0,2.0
251,12.0,0.0,0.0,0.0,2.0,2.0
252,11.0,0.0,0.0,0.0,2.0,2.0
253,11.0,0.0,0.0,1.0,2.0,2.0
254,11.0,0.0,0.0,0.0,2.0,2.0
255,11.0,0.0,0.0,0.0,2.0,2.0
256,11.0,0.0,0.0,0.0,2.0,2.0
257,11.0,0.0,0.0,0.0,1.0,1.0
258,12.0,0.0,0.0,1.0,2.0,2.0
259,13.0,0.0,0.0,0.0,2.0,2.0
260,12.0,0.0,0.0,0.0,2.0,2.0
261,12.0,0.0,0.0,0.0,2.0,2.0
262,12.0,0.0,0.0,0.0,2.0,2.0
263,12.0,0.0,0.0,0.0,2.0,2.0
264,12.0,0.0,0.0,0.0,2.0,2.0
265,12.0,0.0,0.0,1.0,2.0,2.0
266,11.0,1.0,0.0,1.0,2.0,2.0
267,12.0,1.0,0.0,1.0,3.0,3.0
268,12.0,3.0,1.0,0.0,2.0,3.0
269,12.0,0.0,1.0,0.0,2.0,3.0
270,12.0,0.0,1.0,1.0,2.0,3.0
271,12.0,0.0,1.0,0.0,2.0,3.0
272,12.0,0.0,0.0,0.0,2.0,3.0
273,12.0,0.0,0.0,1.0,2.0,3.0
274,13.0,0.0,0.0,1.0,2.0,3.0
275,13.0,1.0,0.0,0.0,2.0,3.0
276,12.0,1.0,1.0,0.0,2.0,3.0
277,14.0,1.0,1.0,0.0,2.0,3.0
278,12.0,1.0,1.0,0.0,2.0,3.0
279,12.0,1.0,1.0,2.0,2.0,3.0
280,13.0,0.0,2.0,0.0,3.0,4.0
281,11.0,0.0,1.0,0.0,2.0,4.0
282,12.0,0.0,1.0,0.0,2.0,4.0
283,12.0,0.0,0.0,1.0,2.0,4.0
284,12.0,0.0,0.0,1.0,2.0,4.0
285,12.0,0.0,0.0,1.0,2.0,4.0
286,12.0,1.0,0.0,1.0,2.0,4.0
287,12.0,1.0,0.0,0.0,2.0,4.0
288,12.0,1.0,0.0,1.0,2.0,4.0
289,12.0,1.0,0.0,0.0,2.0,4.0
290,13.0,1.0,3.0,0.0,2.0,4.0
291,13.0,0.0,1.0,0.0,2.0,4.0
292,12.0,0.0,0.0,0.0,2.0,4.0
293,13.0,0.0,0.0,0.0,2.0,4.0
294,14.0,0.0,0.0,0.0,2.0,4.0
295,13.0,0.0,0.0,1.0,2.0,3.0
296,13.0,0.0,0.0,1.0,3.0,3.0
297,13.0,0.0,0.0,1.0,2.0,2.0
298,12.0,4.0,0.0,1.0,2.0,2.0
299,12.0,1.0,3.0,1.0,2.0,2.0
300,12.0,0.0,1.0,2.0,2.0,2.0
301,12.0,0.0,0.0,2.0,2.0,2.0
302,12.0,2.0,0.0,1.0,2.0,2.0
303,15.0,6.0,4.0,1.0,2.0,2.0
304,14.0,5.0,4.0,0.0,2.0,2.0
305,14.0,2.0,4.0,1.0,2.0,2.0
306,14.0,0.0,2.0,0.0,2.0,2.0
307,12.0,0.0,1.0,0.0,2.0,2.0
308,12.0,0.0,1.0,0.0,2.0,2.0
309,13.0,0.0,0.0,1.0,2.0,2.0
310,12.0,0.0,0.0,0.0,3.0,3.0
311,11.0,0.0,0.0,0.0,2.0,2.0
312,11.0,0.0,0.0,0.0,2.0,2.0
313,11.0,0.0,0.0,2.0,2.0,2.0
314,11.0,5.0,0.0,1.0,2.0,2.0
315,12.0,0.0,3.0,0.0,2.0,2.0
316,11.0,0.0,1.0,0.0,2.0,2.0
317,13.0,0.0,0.0,0.0,2.0,2.0
318,12.0,0.0,0.0,0.0,2.0,2.0
319,10.0,0.0,0.0,0.0,5.0,5.0
320,11.0,0.0,0.0,0.0,6.0,4.0
321,11.0,0.0,0.0,0.0,7.0,3.0
322,11.0,0.0,0.0,1.0,6.0,1.0
323,12.0,5.0,0.0,1.0,5.0,1.0
324,10.0,5.0,4.0,1.0,6.0,3.0
325,12.0,1.0,4.0,0.0,5.0,2.0
326,13.0,0.0,4.0,1.0,5.0,2.0
327,12.0,0.0,0.0,0.0,5.0,2.0
328,11.0,0.0,0.0,0.0,4.0,2.0
329,11.0,0.0,0.0,0.0,5.0,2.0
330,12.0,0.0,0.0,2.0,6.0,2.0
331,11.0,5.0,0.0,0.0,5.0,1.0
332,12.0,0.0,3.0,1.0,4.0,1.0
333,11.0,0.0,1.0,0.0,4.0,2.0
334,12.0,0.0,0.0,1.0,3.0,2.0
335,11.0,0.0,0.0,0.0,4.0,2.0
336,11.0,0.0,0.0,0.0,3.0,2.0
337,11.0,0.0,0.0,1.0,4.0,2.0
338,11.0,0.0,0.0,1.0,4.0,2.0
339,11.0,5.0,0.0,0.0,4.0,2.0
340,12.0,0.0,3.0,0.0,4.0,2.0
341,11.0,0.0,1.0,0.0,4.0,2.0
342,11.0,0.0,0.0,0.0,4.0,2.0
343,11.0,0.0,0.0,0.0,3.0,1.0
344,11.0,0.0,0.0,0.0,3.0,2.0
345,11.0,0.0,0.0,1.0,3.0,2.0
346,11.0,0.0,0.0,0.0,3.0,2.0
347,10.0,0.0,0.0,0.0,3.0,2.0
348,10.0,0.0,0.0,0.0,1.0,1.0
349,10.0,0.0,0.0,0.0,2.0,2.0
350,10.0,0.0,0.0,0.0,2.0,2.0
351,10.0,0.0,0.0,0.0,1.0,1.0
352,10.0,0.0,0.0,0.0,2.0,2.0
353,10.0,0.0,0.0,0.0,2.0,2.0
354,11.0,0.0,0.0,0.0,1.0,1.0
355,11.0,0.0,0.0,0.0,2.0,2.0
356,11.0,0.0,0.0,0.0,2.0,2.0
357,11.0,0.0,0.0,0.0,2.0,2.0
358,11.0,0.0,0.0,1.0,2.0,2.0
359,11.0,0.0,0.0,0.0,3.0,2.0
360,11.0,0.0,0.0,0.0,2.0,2.0
361,10.0,0.0,0.0,1.0,1.0,1.0
362,10.0,0.0,0.0,0.0,2.0,2.0
363,10.0,0.0,0.0,1.0,5.0,5.0
364,10.0,0.0,0.0,0.0,2.0,3.0
365,10.0,0.0,0.0,0.0,3.0,3.0
366,10.0,0.0,0.0,1.0,3.0,2.0
367,10.0,5.0,0.0,0.0,1.0,1.0
368,11.0,0.0,3.0,1.0,2.0,2.0
369,11.0,0.0,1.0,0.0,2.0,2.0
370,10.0,0.0,0.0,0.0,1.0,1.0
371,11.0,0.0,0.0,0.0,2.0,2.0
372,10.0,0.0,0.0,1.0,2.0,2.0
373,10.0,0.0,0.0,0.0,2.0,2.0
374,10.0,0.0,0.0,0.0,1.0,1.0
375,10.0,0.0,0.0,0.0,2.0,2.0
376,10.0,0.0,0.0,0.0,2.0,2.0
377,9.0,0.0,0.0,0.0,1.0,1.0
378,9.0,0.0,0.0,0.0,2.0,2.0
379,9.0,0.0,0.0,1.0,1.0,1.0
380,9.0,0.0,0.0,0.0,2.0,3.0
381,10.0,0.0,0.0,0.0,2.0,1.0
382,11.0,0.0,0.0,0.0,2.0,2.0
383,10.0,0.0,0.0,0.0,2.0,2.0
384,10.0,0.0,0.0,0.0,1.0,1.0
385,9.0,0.0,0.0,1.0,2.0,2.0
386,10.0,0.0,0.0,0.0,2.0,2.0
387,10.0,0.0,0.0,0.0,1.0,1.0
388,10.0,0.0,0.0,0.0,2.0,2.0
389,10.0,0.0,0.0,0.0,2.0,2.0
390,9.0,0.0,0.0,0.0,1.0,1.0
391,10.0,0.0,0.0,0.0,2.0,2.0
392,10.0,0.0,0.0,2.0,1.0,1.0
393,10.0,5.0,0.0,0.0,2.0,2.0
394,10.0,1.0,1.0,0.0,2.0,2.0
395,10.0,0.0,3.0,0.0,1.0,1.0
396,9.0,0.0,1.0,0.0,2.0,2.0
397,9.0,0.0,1.0,0.0,2.0,2.0
398,9.0,0.0,0.0,0.0,1.0,1.0
399,9.0,0.0,0.0,0.0,2.0,2.0
400,9.0,0.0,0.0,0.0,1.0,1.0
401,10.0,0.0,0.0,0.0,2.0,2.0
402,9.0,0.0,0.0,1.0,1.0,1.0
403,10.0,0.0,0.0,0.0,2.0,2.0
404,10.0,0.0,0.0,1.0,2.0,2.0
405,10.0,0.0,0.0,0.0,1.0,1.0
406,11.0,0.0,0.0,0.0,2.0,2.0
407,10.0,0.0,0.0,1.0,2.0,2.0
408,10.0,0.0,0.0,0.0,1.0,1.0
409,10.0,0.0,0.0,0.0,2.0,2.0
410,10.0,0.0,0.0,0.0,2.0,2.0
411,10.0,0.0,0.0,0.0,1.0,1.0
412,9.0,0.0,0.0,0.0,2.0,2.0
413,10.0,0.0,0.0,0.0,1.0,1.0
414,10.0,0.0,0.0,1.0,2.0,2.0
415,9.0,3.0,0.0,0.0,2.0,2.0
416,10.0,1.0,1.0,0.0,1.0,1.0
417,9.0,1.0,1.0,0.0,2.0,2.0
418,10.0,0.0,1.0,1.0,1.0,1.0
419,9.0,3.0,1.0,1.0,2.0,2.0
420,12.0,1.0,1.0,0.0,2.0,2.0
421,11.0,1.0,1.0,0.0,2.0,2.0
422,12.0,0.0,1.0,0.0,1.0,1.0
423,10.0,0.0,1.0,0.0,2.0,2.0
424,10.0,0.0,1.0,0.0,2.0,2.0
425,10.0,0.0,1.0,0.0,2.0,2.0
426,10.0,0.0,1.0,0.0,1.0,1.0
427,10.0,0.0,0.0,0.0,2.0,2.0
428,9.0,0.0,0.0,0.0,2.0,2.0
429,9.0,0.0,0.0,0.0,1.0,1.0
430,9.0,0.0,0.0,0.0,2.0,2.0
431,9.0,0.0,0.0,0.0,1.0,1.0
432,9.0,0.0,0.0,0.0,2.0,2.0
433,9.0,0.0,0.0,0.0,1.0,1.0
434,9.0,0.0,0.0,0.0,2.0,2.0
435,9.0,0.0,0.0,0.0,1.0,1.0
436,9.0,0.0,0.0,1.0,2.0,2.0
437,9.0,0.0,0.0,0.0,2.0,2.0
438,9.0,0.0,0.0,0.0,1.0,1.0
439,9.0,0.0,0.0,0.0,1.0,1.0
440,11.0,0.0,0.0,0.0,2.0,2.0
441,10.0,0.0,0.0,1.0,2.0,2.0
442,10.0,0.0,0.0,1.0,1.0,1.0
443,9.0,0.0,0.0,0.0,2.0,2.0
444,10.0,0.0,0.0,0.0,2.0,2.0
445,10.0,0.0,0.0,1.0,1.0,1.0
446,10.0,2.0,0.0,0.0,2.0,2.0
447,10.0,1.0,0.0,0.0,1.0,1.0
448,9.0,1.0,4.0,0.0,2.0,2.0
449,10.0,1.0,0.0,0.0,2.0,2.0
450,9.0,0.0,0.0,0.0,1.0,1.0
451,9.0,0.0,0.0,0.0,2.0,2.0
452,9.0,0.0,0.0,0.0,1.0,1.0
453,9.0,0.0,0.0,0.0,2.0,2.0
454,9.0,0.0,0.0,0.0,1.0,1.0
455,9.0,0.0,0.0,1.0,2.0,2.0
456,10.0,0.0,0.0,0.0,1.0,1.0
457,9.0,0.0,0.0,0.0,2.0,2.0
458,9.0,0.0,0.0,0.0,1.0,1.0
459,9.0,0.0,0.0,0.0,2.0,2.0
460,9.0,0.0,0.0,0.0,1.0,1.0
461,9.0,0.0,0.0,0.0,2.0,2.0
462,9.0,0.0,0.0,1.0,1.0,1.0
463,9.0,2.0,0.0,0.0,2.0,2.0
464,10.0,1.0,4.0,0.0,2.0,2.0
465,9.0,1.0,0.0,0.0,1.0,1.0
466,10.0,1.0,0.0,0.0,2.0,2.0
467,10.0,0.0,0.0,0.0,1.0,1.0
468,10.0,0.0,0.0,0.0,2.0,2.0
469,10.0,0.0,0.0,0.0,2.0,2.0
470,9.0,0.0,0.0,0.0,1.0,1.0
471,9.0,0.0,0.0,0.0,2.0,2.0
472,9.0,0.0,0.0,0.0,1.0,1.0
473,9.0,0.0,0.0,1.0,2.0,2.0
474,9.0,0.0,0.0,0.0,2.0,2.0
475,9.0,0.0,0.0,0.0,1.0,1.0
476,9.0,0.0,0.0,0.0,1.0,1.0
477,11.0,0.0,0.0,0.0,2.0,2.0
478,10.0,0.0,0.0,0.0,2.0,2.0
479,10.0,0.0,0.0,0.0,1.0,1.0
480,9.0,0.0,0.0,0.0,2.0,2.0
481,10.0,0.0,0.0,0.0,1.0,1.0
482,10.0,0.0,0.0,0.0,2.0,2.0
483,10.0,0.0,0.0,1.0,2.0,2.0
484,10.0,0.0,0.0,0.0,2.0,2.0
485,10.0,0.0,0.0,0.0,1.0,1.0
486,9.0,0.0,0.0,0.0,2.0,2.0
487,10.0,0.0,0.0,1.0,1.0,1.0
488,10.0,0.0,0.0,0.0,2.0,2.0
489,10.0,0.0,0.0,0.0,2.0,2.0
490,10.0,0.0,0.0,1.0,1.0,1.0
491,9.0,0.0,0.0,0.0,2.0,2.0
492,9.0,0.0,0.0,1.0,1.0,1.0
493,10.0,3.0,0.0,0.0,2.0,2.0
494,10.0,1.0,1.0,1.0,2.0,2.0
495,10.0,1.0,1.0,1.0,1.0,1.0
496,10.0,0.0,1.0,0.0,2.0,2.0
497,11.0,0.0,1.0,0.0,2.0,2.0
498,10.0,0.0,1.0,0.0,2.0,2.0
499,10.0,0.0,1.0,0.0,1.0,1.0
500,10.0,0.0,1.0,0.0,2.0,2.0
501,10.0,0.0,0.0,0.0,1.0,1.0
502,9.0,0.0,0.0,0.0,2.0,2.0
503,9.0,0.0,0.0,2.0,2.0,2.0
504,10.0,0.0,0.0,0.0,2.0,2.0
505,12.0,5.0,0.0,1.0,1.0,1.0
506,11.0,5.0,1.0,0.0,2.0,2.0
507,11.0,2.0,2.0,0.0,2.0,2.0
508,11.0,1.0,2.0,0.0,1.0,1.0
509,11.0,1.0,2.0,0.0,2.0,2.0
510,11.0,1.0,2.0,1.0,2.0,2.0
511,11.0,0.0,2.0,2.0,2.0,2.0
512,11.0,4.0,1.0,2.0,2.0,2.0
513,11.0,1.0,2.0,0.0,2.0,2.0
514,11.0,0.0,2.0,0.0,1.0,1.0
515,11.0,0.0,1.0,0.0,2.0,2.0
516,10.0,0.0,1.0,0.0,2.0,2.0
517,10.0,0.0,1.0,0.0,2.0,2.0
518,10.0,0.0,0.0,0.0,1.0,1.0
519,10.0,0.0,0.0,0.0,2.0,2.0
520,11.0,0.0,0.0,0.0,2.0,2.0
521,10.0,0.0,0.0,0.0,2.0,2.0
522,10.0,0.0,0.0,0.0,1.0,1.0
523,9.0,0.0,0.0,0.0,2.0,2.0
524,9.0,0.0,0.0,0.0,1.0,1.0
525,9.0,0.0,0.0,0.0,2.0,2.0
526,9.0,0.0,0.0,1.0,1.0,1.0
527,9.0,0.0,0.0,0.0,2.0,2.0
528,9.0,0.0,0.0,1.0,1.0,1.0
529,9.0,0.0,0.0,0.0,2.0,2.0
530,9.0,0.0,0.0,0.0,1.0,1.0
531,9.0,0.0,0.0,0.0,2.0,2.0
532,9.0,0.0,0.0,1.0,1.0,1.0
533,9.0,5.0,0.0,0.0,2.0,2.0
534,10.0,0.0,4.0,0.0,1.0,1.0
535,9.0,0.0,0.0,0.0,2.0,2.0
536,9.0,0.0,0.0,1.0,2.0,2.0
537,9.0,0.0,0.0,0.0,1.0,1.0
538,12.0,5.0,0.0,3.0,2.0,2.0
539,12.0,5.0,4.0,0.0,2.0,2.0
540,12.0,1.0,4.0,1.0,2.0,2.0
541,12.0,0.0,4.0,2.0,2.0,2.0
542,11.0,5.0,0.0,1.0,1.0,1.0
543,10.0,0.0,4.0,1.0,2.0,2.0
544,11.0,0.0,0.0,1.0,2.0,2.0
545,10.0,0.0,0.0,0.0,2.0,2.0
546,10.0,0.0,0.0,0.0,1.0,1.0
547,9.0,0.0,0.0,0.0,2.0,2.0
548,10.0,0.0,0.0,1.0,2.0,2.0
549,10.0,5.0,0.0,1.0,2.0,2.0
550,9.0,0.0,4.0,0.0,1.0,1.0
551,10.0,0.0,0.0,0.0,1.0,1.0
552,9.0,0.0,0.0,0.0,2.0,2.0
553,10.0,0.0,0.0,1.0,2.0,2.0
554,10.0,0.0,0.0,0.0,1.0,1.0
555,10.0,0.0,0.0,1.0,2.0,2.0
556,10.0,0.0,0.0,0.0,2.0,2.0
557,10.0,0.0,0.0,0.0,1.0,1.0
558,9.0,0.0,0.0,0.0,2.0,2.0
559,10.0,0.0,0.0,1.0,1.0,1.0
560,10.0,0.0,0.0,0.0,2.0,2.0
561,10.0,0.0,0.0,0.0,2.0,2.0
562,10.0,0.0,0.0,1.0,1.0,1.0
563,9.0,5.0,0.0,0.0,2.0,2.0
564,10.0,0.0,4.0,0.0,2.0,2.0
565,10.0,0.0,0.0,1.0,1.0,1.0
566,11.0,0.0,0.0,0.0,2.0,2.0
567,10.0,0.0,0.0,0.0,2.0,2.0
568,10.0,0.0,0.0,0.0,1.0,1.0
569,10.0,0.0,0.0,1.0,2.0,2.0
570,9.0,0.0,0.0,1.0,2.0,2.0
571,9.0,0.0,0.0,0.0,2.0,2.0
572,9.0,0.0,0.0,0.0,1.0,1.0
573,9.0,0.0,0.0,0.0,1.0,1.0
574,9.0,0.0,0.0,0.0,2.0,2.0
575,9.0,0.0,0.0,0.0,1.0,1.0
576,9.0,0.0,0.0,0.0,2.0,2.0
577,11.0,0.0,0.0,0.0,1.0,1.0
578,9.0,0.0,0.0,0.0,2.0,2.0
579,10.0,0.0,0.0,0.0,2.0,2.0
580,9.0,0.0,0.0,0.0,1.0,1.0
581,9.0,0.0,0.0,0.0,2.0,2.0
582,9.0,0.0,0.0,1.0,1.0,1.0
583,9.0,0.0,0.0,0.0,2.0,2.0
584,9.0,0.0,0.0,0.0,2.0,2.0
585,9.0,0.0,0.0,0.0,1.0,1.0
586,9.0,0.0,0.0,0.0,1.0,1.0
587,9.0,0.0,0.0,0.0,2.0,2.0
588,9.0,0.0,0.0,0.0,1.0,1.0
589,9.0,0.0,0.0,0.0,2.0,2.0
590,9.0,0.0,0.0,0.0,1.0,1.0
591,10.0,0.0,0.0,0.0,2.0,2.0
592,10.0,0.0,0.0,0.0,1.0,1.0
593,10.0,0.0,0.0,0.0,2.0,2.0
594,10.0,0.0,0.0,0.0,2.0,2.0
595,10.0,0.0,0.0,0.0,1.0,1.0
596,9.0,0.0,0.0,0.0,2.0,2.0
597,9.0,0.0,0.0,0.0,2.0,2.0
598,9.0,0.0,0.0,0.0,1.0,1.0
599,9.0,0.0,0.0,1.0,2.0,2.0
600,9.0,5.0,0.0,0.0,2.0,2.0
601,10.0,1.0,2.0,1.0,1.0,1.0
602,15.0,0.0,3.0,1.0,2.0,2.0
603,11.0,0.0,1.0,0.0,2.0,2.0
604,10.0,0.0,1.0,0.0,2.0,2.0
605,10.0,0.0,0.0,1.0,1.0,1.0
606,10.0,0.0,0.0,0.0,2.0,2.0
607,10.0,0.0,0.0,1.0,2.0,2.0
608,10.0,0.0,0.0,0.0,2.0,2.0
609,10.0,0.0,0.0,2.0,1.0,1.0
610,9.0,3.0,0.0,0.0,2.0,2.0
611,9.0,1.0,2.0,0.0,1.0,1.0
612,11.0,1.0,1.0,1.0,2.0,2.0
613,10.0,0.0,1.0,1.0,2.0,2.0
614,10.0,0.0,0.0,0.0,1.0,1.0
615,10.0,0.0,0.0,0.0,2.0,2.0
616,10.0,0.0,0.0,0.0,1.0,1.0
617,10.0,0.0,0.0,0.0,2.0,2.0
618,10.0,0.0,0.0,0.0,2.0,2.0
619,10.0,0.0,0.0,0.0,1.0,1.0
620,9.0,0.0,0.0,0.0,2.0,2.0
621,10.0,0.0,0.0,0.0,2.0,2.0
622,10.0,0.0,0.0,0.0,1.0,1.0
623,10.0,0.0,0.0,0.0,2.0,2.0
624,9.0,0.0,0.0,0.0,2.0,2.0
625,10.0,0.0,0.0,0.0,1.0,1.0
626,9.0,0.0,0.0,0.0,2.0,2.0
627,9.0,0.0,0.0,0.0,1.0,1.0
628,9.0,0.0,0.0,0.0,2.0,2.0
629,9.0,0.0,0.0,1.0,1.0,1.0
630,9.0,0.0,0.0,0.0,2.0,2.0
631,10.0,0.0,0.0,0.0,1.0,1.0
632,9.0,0.0,0.0,1.0,2.0,2.0
633,11.0,1.0,0.0,0.0,1.0,1.0
634,9.0,1.0,0.0,0.0,2.0,2.0
635,11.0,1.0,3.0,1.0,2.0,2.0
636,11.0,4.0,1.0,0.0,2.0,2.0
637,11.0,2.0,4.0,0.0,1.0,1.0
638,11.0,1.0,0.0,0.0,2.0,2.0
639,11.0,0.0,4.0,0.0,2.0,2.0
640,11.0,0.0,0.0,0.0,2.0,2.0
641,9.0,0.0,0.0,0.0,2.0,2.0
642,10.0,0.0,0.0,1.0,1.0,1.0
643,9.0,0.0,0.0,0.0,2.0,2.0
644,10.0,0.0,0.0,0.0,2.0,2.0
645,9.0,0.0,0.0,1.0,1.0,1.0
646,9.0,0.0,0.0,0.0,2.0,2.0
647,9.0,0.0,0.0,1.0,1.0,1.0
648,9.0,0.0,0.0,0.0,2.0,2.0
649,9.0,0.0,0.0,0.0,1.0,1.0
650,10.0,0.0,0.0,0.0,2.0,2.0
651,10.0,0.0,0.0,1.0,1.0,1.0
652,10.0,0.0,0.0,0.0,2.0,2.0
653,10.0,0.0,0.0,0.0,2.0,2.0
654,10.0,0.0,0.0,0.0,1.0,1.0
655,10.0,0.0,0.0,0.0,2.0,2.0
656,10.0,0.0,0.0,0.0,2.0,2.0
657,10.0,0.0,0.0,0.0,1.0,1.0
658,9.0,0.0,0.0,0.0,2.0,2.0
659,9.0,0.0,0.0,0.0,1.0,1.0
660,9.0,0.0,0.0,0.0,2.0,2.0
661,9.0,0.0,0.0,0.0,1.0,1.0
662,9.0,0.0,0.0,1.0,2.0,2.0
663,9.0,5.0,0.0,0.0,2.0,2.0
664,9.0,0.0,4.0,0.0,1.0,1.0
665,9.0,0.0,0.0,0.0,1.0,1.0
666,10.0,0.0,0.0,0.0,2.0,2.0
667,9.0,0.0,0.0,1.0,2.0,2.0
668,9.0,0.0,0.0,0.0,2.0,2.0
669,9.0,0.0,0.0,0.0,1.0,1.0
670,10.0,0.0,0.0,0.0,1.0,1.0
671,10.0,0.0,0.0,0.0,2.0,2.0
672,9.0,0.0,0.0,0.0,1.0,1.0
673,9.0,0.0,0.0,0.0,2.0,2.0
674,9.0,0.0,0.0,0.0,1.0,1.0
675,10.0,0.0,0.0,0.0,2.0,2.0
676,10.0,0.0,0.0,0.0,2.0,2.0
677,9.0,0.0,0.0,0.0,1.0,1.0
678,9.0,0.0,0.0,0.0,2.0,2.0
679,9.0,0.0,0.0,0.0,1.0,1.0
680,9.0,0.0,0.0,0.0,2.0,2.0
681,9.0,0.0,0.0,0.0,1.0,1.0
682,10.0,0.0,0.0,0.0,2.0,2.0
683,9.0,0.0,0.0,0.0,1.0,1.0
684,9.0,0.0,0.0,0.0,2.0,2.0
685,9.0,0.0,0.0,0.0,1.0,1.0
686,9.0,0.0,0.0,0.0,2.0,2.0
687,9.0,0.0,0.0,0.0,1.0,1.0
688,9.0,0.0,0.0,0.0,2.0,2.0
689,9.0,0.0,0.0,1.0,1.0,1.0
690,10.0,0.0,0.0,0.0,2.0,2.0
691,9.0,0.0,0.0,0.0,2.0,2.0
692,10.0,0.0,0.0,0.0,1.0,1.0
693,10.0,0.0,0.0,0.0,2.0,2.0
694,10.0,0.0,0.0,0.0,1.0,1.0
695,10.0,0.0,0.0,0.0,2.0,2.0
696,10.0,0.0,0.0,0.0,2.0,2.0
697,9.0,0.0,0.0,0.0,1.0,1.0
698,9.0,0.0,0.0,0.0,2.0,2.0
699,10.0,0.0,0.0,0.0,1.0,1.0
700,10.0,0.0,0.0,0.0,2.0,2.0
701,10.0,0.0,0.0,0.0,2.0,2.0
702,9.0,0.0,0.0,0.0,1.0,1.0
703,9.0,0.0,0.0,0.0,2.0,2.0
704,9.0,0.0,0.0,0.0,1.0,1.0
705,9.0,0.0,0.0,1.0,2.0,2.0
706,9.0,0.0,0.0,1.0,1.0,1.0
707,9.0,0.0,0.0,0.0,2.0,2.0
708,9.0,0.0,0.0,1.0,1.0,1.0
709,10.0,4.0,0.0,0.0,2.0,2.0
710,11.0,1.0,4.0,0.0,2.0,2.0
711,13.0,0.0,5.0,2.0,1.0,1.0
712,12.0,0.0,4.0,1.0,3.0,3.0
713,11.0,0.0,0.0,0.0,2.0,2.0
714,10.0,0.0,0.0,0.0,2.0,2.0
715,10.0,0.0,0.0,0.0,2.0,2.0
716,10.0,0.0,0.0,1.0,1.0,1.0
717,10.0,0.0,0.0,0.0,2.0,2.0
718,10.0,0.0,0.0,0.0,2.0,2.0
719,10.0,0.0,0.0,0.0,1.0,1.0
720,10.0,0.0,0.0,0.0,2.0,2.0
721,10.0,0.0,0.0,0.0,2.0,2.0
722,10.0,0.0,0.0,1.0,1.0,1.0
723,9.0,1.0,0.0,0.0,2.0,2.0
724,9.0,1.0,0.0,0.0,2.0,2.0
725,10.0,1.0,3.0,0.0,1.0,1.0
726,9.0,1.0,1.0,1.0,2.0,2.0
727,9.0,1.0,0.0,0.0,1.0,1.0
728,9.0,0.0,0.0,1.0,2.0,2.0
729,9.0,0.0,0.0,0.0,2.0,2.0
730,9.0,0.0,0.0,0.0,1.0,1.0
731,9.0,0.0,0.0,0.0,1.0,1.0
732,10.0,0.0,0.0,1.0,2.0,2.0
733,12.0,0.0,0.0,0.0,1.0,1.0
734,10.0,0.0,0.0,1.0,2.0,2.0
735,10.0,0.0,0.0,1.0,1.0,1.0
736,11.0,6.0,0.0,2.0,2.0,2.0
737,10.0,6.0,5.0,1.0,2.0,2.0
738,11.0,1.0,4.0,0.0,1.0,1.0
739,12.0,1.0,2.0,1.0,2.0,2.0
740,12.0,1.0,2.0,0.0,2.0,2.0
741,10.0,0.0,1.0,1.0,2.0,2.0
742,11.0,4.0,1.0,0.0,2.0,2.0
743,10.0,1.0,2.0,0.0,2.0,2.0
744,11.0,0.0,2.0,0.0,1.0,1.0
745,11.0,0.0,1.0,0.0,2.0,2.0
746,10.0,0.0,1.0,0.0,2.0,2.0
747,9.0,0.0,1.0,1.0,2.0,2.0
748,10.0,0.0,0.0,0.0,1.0,1.0
749,9.0,0.0,0.0,0.0,2.0,2.0
750,9.0,0.0,0.0,0.0,1.0,1.0
751,9.0,0.0,0.0,0.0,2.0,2.0
752,9.0,0.0,0.0,1.0,1.0,1.0
753,9.0,0.0,0.0,0.0,2.0,2.0
754,9.0,0.0,0.0,0.0,1.0,1.0
755,9.0,0.0,0.0,1.0,2.0,2.0
756,9.0,0.0,0.0,0.0,2.0,2.0
757,9.0,0.0,0.0,1.0,1.0,1.0
758,10.0,0.0,0.0,0.0,1.0,1.0
759,10.0,0.0,0.0,0.0,2.0,2.0
760,10.0,0.0,0.0,0.0,2.0,2.0
761,10.0,0.0,0.0,0.0,1.0,1.0
762,11.0,0.0,0.0,0.0,2.0,2.0
763,10.0,0.0,0.0,0.0,2.0,2.0
764,11.0,0.0,0.0,0.0,2.0,2.0
765,10.0,0.0,0.0,0.0,1.0,1.0
766,9.0,0.0,0.0,0.0,2.0,2.0
767,9.0,0.0,0.0,0.0,2.0,2.0
768,9.0,0.0,0.0,0.0,1.0,1.0
769,9.0,0.0,0.0,0.0,2.0,2.0
770,10.0,0.0,0.0,0.0,1.0,1.0
771,9.0,0.0,0.0,0.0,2.0,2.0
772,9.0,0.0,0.0,0.0,1.0,1.0
773,9.0,0.0,0.0,0.0,2.0,2.0
774,9.0,0.0,0.0,1.0,1.0,1.0
775,9.0,5.0,0.0,0.0,2.0,2.0
776,9.0,0.0,1.0,0.0,2.0,2.0
777,9.0,0.0,1.0,0.0,1.0,1.0
778,9.0,0.0,1.0,1.0,1.0,1.0
779,10.0,0.0,1.0,1.0,2.0,2.0
780,13.0,0.0,0.0,0.0,2.0,2.0
781,10.0,0.0,0.0,0.0,2.0,2.0
782,10.0,0.0,0.0,0.0,1.0,1.0
783,10.0,0.0,0.0,0.0,2.0,2.0
784,10.0,0.0,0.0,0.0,2.0,2.0
785,10.0,0.0,0.0,0.0,1.0,1.0
786,9.0,0.0,0.0,0.0,2.0,2.0
787,10.0,0.0,0.0,1.0,1.0,1.0
788,10.0,0.0,0.0,1.0,2.0,2.0
789,10.0,0.0,0.0,1.0,2.0,2.0
790,10.0,5.0,0.0,0.0,1.0,1.0
791,10.0,0.0,6.0,0.0,2.0,2.0
792,11.0,0.0,2.0,0.0,2.0,2.0
793,11.0,0.0,0.0,2.0,2.0,2.0
794,10.0,0.0,0.0,0.0,2.0,2.0
795,10.0,0.0,0.0,0.0,1.0,1.0
796,10.0,0.0,0.0,0.0,2.0,2.0
797,10.0,0.0,0.0,0.0,1.0,1.0
798,9.0,0.0,0.0,0.0,2.0,2.0
799,9.0,0.0,0.0,0.0,2.0,2.0
800,10.0,0.0,0.0,0.0,1.0,1.0
801,10.0,0.0,0.0,0.0,2.0,2.0
802,10.0,0.0,0.0,0.0,1.0,1.0
803,9.0,0.0,0.0,0.0,2.0,2.0
804,10.0,0.0,0.0,1.0,2.0,2.0
805,10.0,0.0,0.0,0.0,1.0,1.0
806,9.0,0.0,0.0,1.0,2.0,2.0
807,10.0,0.0,0.0,0.0,2.0,2.0
808,9.0,0.0,0.0,0.0,1.0,1.0
809,9.0,0.0,0.0,0.0,2.0,2.0
810,9.0,0.0,0.0,0.0,1.0,1.0
811,10.0,0.0,0.0,0.0,2.0,2.0
812,10.0,0.0,0.0,0.0,1.0,1.0
813,9.0,0.0,0.0,0.0,2.0,2.0
814,10.0,0.0,0.0,0.0,1.0,1.0
815,10.0,0.0,0.0,0.0,2.0,2.0
816,10.0,0.0,0.0,1.0,2.0,2.0
817,10.0,1.0,0.0,0.0,2.0,2.0
818,10.0,1.0,1.0,1.0,1.0,1.0
819,11.0,1.0,1.0,0.0,2.0,2.0
820,9.0,1.0,1.0,0.0,2.0,2.0
821,10.0,1.0,1.0,0.0,1.0,1.0
822,11.0,0.0,2.0,0.0,2.0,2.0
823,10.0,0.0,1.0,1.0,2.0,2.0
824,11.0,0.0,1.0,0.0,1.0,1.0
825,9.0,0.0,0.0,0.0,2.0,2.0
826,11.0,0.0,0.0,0.0,2.0,2.0
827,10.0,0.0,0.0,0.0,1.0,1.0
828,10.0,0.0,0.0,1.0,2.0,2.0
829,10.0,0.0,0.0,0.0,2.0,2.0
830,10.0,0.0,0.0,0.0,1.0,1.0
831,9.0,0.0,0.0,0.0,2.0,2.0
832,10.0,0.0,0.0,0.0,2.0,2.0
833,10.0,0.0,0.0,1.0,1.0,1.0
834,10.0,0.0,0.0,1.0,2.0,2.0
835,10.0,1.0,0.0,1.0,2.0,2.0
836,10.0,1.0,0.0,0.0,1.0,1.0
837,9.0,1.0,0.0,0.0,2.0,2.0
838,10.0,1.0,0.0,0.0,1.0,1.0
839,10.0,1.0,1.0,0.0,2.0,2.0
840,10.0,0.0,1.0,0.0,2.0,2.0
841,10.0,0.0,1.0,1.0,1.0,1.0
842,10.0,0.0,1.0,0.0,2.0,2.0
843,11.0,0.0,0.0,0.0,2.0,2.0
844,10.0,0.0,0.0,0.0,2.0,2.0
845,9.0,0.0,0.0,0.0,1.0,1.0
846,9.0,0.0,0.0,0.0,2.0,2.0
847,9.0,0.0,0.0,0.0,1.0,1.0
848,9.0,0.0,0.0,1.0,2.0,2.0
849,11.0,0.0,0.0,0.0,1.0,1.0
850,10.0,0.0,0.0,1.0,2.0,2.0
851,10.0,0.0,0.0,1.0,2.0,2.0
852,10.0,4.0,0.0,0.0,2.0,2.0
853,11.0,1.0,3.0,1.0,1.0,1.0
854,9.0,0.0,1.0,0.0,2.0,2.0
855,11.0,0.0,0.0,0.0,1.0,1.0
856,10.0,0.0,0.0,0.0,2.0,2.0
857,10.0,0.0,0.0,0.0,2.0,2.0
858,10.0,0.0,0.0,0.0,2.0,2.0
859,10.0,0.0,0.0,0.0,1.0,1.0
860,9.0,0.0,0.0,0.0,2.0,2.0
861,9.0,0.0,0.0,0.0,1.0,1.0
862,10.0,0.0,0.0,0.0,2.0,2.0
863,10.0,0.0,0.0,0.0,2.0,2.0
864,9.0,0.0,0.0,0.0,1.0,1.0
865,9.0,0.0,0.0,0.0,2.0,2.0
866,9.0,0.0,0.0,0.0,1.0,1.0
867,9.0,0.0,0.0,2.0,2.0,2.0
868,9.0,0.0,0.0,0.0,2.0,2.0
869,9.0,0.0,0.0,0.0,1.0,1.0
870,11.0,0.0,0.0,1.0,1.0,1.0
871,10.0,0.0,0.0,0.0,2.0,2.0
872,10.0,0.0,0.0,0.0,2.0,2.0
873,10.0,0.0,0.0,0.0,1.0,1.0
874,9.0,0.0,0.0,1.0,2.0,2.0
875,10.0,4.0,0.0,1.0,2.0,2.0
876,11.0,1.0,2.0,0.0,2.0,2.0
877,10.0,0.0,1.0,1.0,1.0,1.0
878,9.0,0.0,1.0,1.0,2.0,2.0
879,10.0,0.0,0.0,0.0,1.0,1.0
880,9.0,0.0,0.0,0.0,2.0,2.0
881,10.0,0.0,0.0,0.0,1.0,1.0
882,10.0,0.0,0.0,0.0,2.0,2.0
883,10.0,0.0,0.0,1.0,2.0,2.0
884,10.0,0.0,0.0,0.0,1.0,1.0
885,9.0,0.0,0.0,1.0,2.0,2.0
886,10.0,1.0,0.0,0.0,2.0,2.0
887,10.0,1.0,1.0,0.0,1.0,1.0
888,10.0,1.0,2.0,0.0,2.0,2.0
889,10.0,1.0,1.0,0.0,2.0,2.0
890,12.0,1.0,0.0,1.0,1.0,1.0
891,11.0,0.0,2.0,1.0,2.0,2.0
892,10.0,0.0,1.0,2.0,2.0,2.0
893,10.0,0.0,1.0,0.0,2.0,2.0
894,11.0,0.0,0.0,1.0,1.0,1.0
895,10.0,1.0,0.0,1.0,2.0,2.0
896,10.0,1.0,0.0,2.0,2.0,2.0
897,12.0,6.0,0.0,2.0,2.0,2.0
898,10.0,8.0,2.0,1.0,2.0,2.0
899,12.0,1.0,5.0,0.0,1.0,1.0
900,11.0,1.0,3.0,0.0,2.0,2.0
901,12.0,0.0,2.0,1.0,2.0,2.0
902,12.0,0.0,1.0,0.0,2.0,2.0
903,10.0,0.0,1.0,2.0,2.0,2.0
904,10.0,5.0,1.0,0.0,2.0,2.0
905,10.0,0.0,1.0,0.0,2.0,2.0
906,11.0,0.0,1.0,0.0,1.0,1.0
907,10.0,0.0,1.0,0.0,2.0,2.0
908,10.0,0.0,1.0,0.0,2.0,2.0
909,10.0,0.0,0.0,0.0,1.0,1.0
910,9.0,0.0,0.0,1.0,2.0,2.0
911,10.0,0.0,0.0,0.0,2.0,2.0
912,10.0,0.0,0.0,1.0,1.0,1.0
913,10.0,0.0,0.0,0.0,2.0,2.0
914,10.0,0.0,0.0,0.0,2.0,2.0
915,10.0,0.0,0.0,0.0,1.0,1.0
916,9.0,0.0,0.0,0.0,2.0,2.0
917,10.0,0.0,0.0,0.0,1.0,1.0
918,9.0,0.0,0.0,0.0,2.0,2.0
919,10.0,0.0,0.0,0.0,2.0,2.0
920,10.0,0.0,0.0,1.0,1.0,1.0
921,10.0,5.0,0.0,0.0,2.0,2.0
922,11.0,0.0,3.0,0.0,2.0,2.0
923,9.0,0.0,1.0,0.0,1.0,1.0
924,9.0,0.0,0.0,1.0,2.0,2.0
925,9.0,0.0,0.0,0.0,1.0,1.0
926,10.0,0.0,0.0,0.0,2.0,2.0
927,10.0,0.0,0.0,0.0,2.0,2.0
928,10.0,0.0,0.0,0.0,1.0,1.0
929,10.0,0.0,0.0,1.0,2.0,2.0
930,11.0,0.0,0.0,1.0,2.0,2.0
931,11.0,0.0,0.0,0.0,1.0,1.0
932,9.0,0.0,0.0,1.0,2.0,2.0
933,10.0,0.0,0.0,0.0,2.0,2.0
934,10.0,0.0,0.0,0.0,1.0,1.0
935,10.0,0.0,0.0,0.0,2.0,2.0
936,10.0,0.0,0.0,0.0,2.0,2.0
937,10.0,0.0,0.0,0.0,1.0,1.0
938,9.0,0.0,0.0,1.0,2.0,2.0
939,10.0,4.0,0.0,1.0,2.0,2.0
940,10.0,1.0,1.0,0.0,1.0,1.0
941,11.0,0.0,1.0,2.0,2.0,2.0
942,10.0,0.0,1.0,0.0,2.0,2.0
943,10.0,0.0,1.0,0.0,1.0,1.0
944,9.0,0.0,1.0,0.0,2.0,2.0
945,10.0,0.0,1.0,1.0,2.0,2.0
946,11.0,0.0,0.0,0.0,2.0,2.0
947,10.0,0.0,0.0,0.0,1.0,1.0
948,11.0,0.0,0.0,0.0,2.0,2.0
949,10.0,0.0,0.0,2.0,2.0,2.0
950,10.0,4.0,0.0,0.0,2.0,2.0
951,11.0,1.0,1.0,0.0,1.0,1.0
952,9.0,0.0,1.0,0.0,2.0,2.0
953,10.0,0.0,1.0,0.0,1.0,1.0
954,10.0,0.0,1.0,0.0,2.0,2.0
955,10.0,0.0,0.0,1.0,2.0,2.0
956,10.0,0.0,0.0,0.0,1.0,1.0
957,9.0,0.0,0.0,1.0,2.0,2.0
958,10.0,0.0,0.0,0.0,2.0,2.0
959,10.0,0.0,0.0,0.0,1.0,1.0
960,10.0,0.0,0.0,0.0,2.0,2.0
961,10.0,0.0,0.0,0.0,1.0,1.0
962,9.0,0.0,0.0,0.0,2.0,2.0
963,10.0,0.0,0.0,0.0,2.0,2.0
964,10.0,0.0,0.0,0.0,1.0,1.0
965,11.0,0.0,0.0,0.0,2.0,2.0
966,10.0,0.0,0.0,0.0,2.0,2.0
967,10.0,0.0,0.0,0.0,1.0,1.0
968,10.0,0.0,0.0,0.0,2.0,2.0
969,9.0,0.0,0.0,1.0,2.0,2.0
970,9.0,0.0,0.0,0.0,1.0,1.0
971,9.0,0.0,0.0,1.0,2.0,2.0
972,9.0,4.0,0.0,1.0,2.0,2.0
973,9.0,1.0,4.0,2.0,1.0,1.0
974,9.0,0.0,4.0,0.0,1.0,1.0
975,13.0,0.0,0.0,0.0,2.0,2.0
976,11.0,0.0,0.0,0.0,2.0,2.0
977,11.0,0.0,0.0,0.0,2.0,2.0
978,10.0,0.0,0.0,1.0,2.0,2.0
979,10.0,0.0,0.0,0.0,2.0,2.0
980,10.0,0.0,0.0,0.0,1.0,1.0
981,9.0,0.0,0.0,1.0,2.0,2.0
982,10.0,3.0,0.0,0.0,2.0,2.0
983,9.0,1.0,0.0,0.0,1.0,1.0
984,10.0,1.0,2.0,0.0,1.0,1.0
985,9.0,0.0,1.0,0.0,2.0,2.0
986,11.0,0.0,1.0,1.0,1.0,1.0
987,10.0,0.0,0.0,0.0,2.0,2.0
988,10.0,0.0,0.0,0.0,2.0,2.0
989,10.0,0.0,0.0,0.0,2.0,2.0
990,9.0,0.0,0.0,1.0,1.0,1.0
991,9.0,0.0,0.0,0.0,2.0,2.0
992,10.0,0.0,0.0,0.0,1.0,1.0
993,10.0,0.0,0.0,0.0,2.0,2.0
994,9.0,0.0,0.0,0.0,2.0,2.0
995,9.0,0.0,0.0,0.0,1.0,1.0
996,10.0,0.0,0.0,0.0,2.0,2.0
997,11.0,0.0,0.0,0.0,1.0,1.0
998,10.0,0.0,0.0,0.0,2.0,2.0
999,10.0,0.0,0.0,0.0,2.0,2.0
