round#,blacksmith,woodcutter,farmer,refiner,worker,miner
0,3.0,2.0,4.0,1.0,2.0,3.0
1,3.0,2.0,4.0,1.0,2.0,3.0
2,3.0,2.0,4.0,1.0,2.0,3.0
3,3.0,2.0,4.0,1.0,2.0,3.0
4,3.0,2.0,4.0,1.0,2.0,3.0
5,3.0,2.0,4.0,1.0,2.0,3.0
6,3.0,2.0,4.0,1.0,2.0,3.0
7,3.0,2.0,4.0,1.0,2.0,3.0
8,3.0,2.0,4.0,1.0,2.0,3.0
9,3.0,2.0,4.0,1.0,2.0,3.0
10,3.0,2.0,4.0,1.0,2.0,3.0
11,3.0,2.0,4.0,1.0,2.0,3.0
12,3.0,2.0,4.0,1.0,2.0,3.0
13,3.0,2.0,4.0,1.0,2.0,3.0
14,3.0,2.0,4.0,1.0,2.0,3.0
15,3.0,2.0,4.0,1.0,2.0,3.0
16,3.0,2.0,4.0,1.0,2.0,3.0
17,3.0,2.0,4.0,1.0,2.0,3.0
18,3.0,2.0,4.0,1.0,2.0,3.0
19,3.0,2.0,4.0,1.0,2.0,3.0
20,3.0,2.0,4.0,1.0,2.0,3.0
21,3.0,2.0,4.0,1.0,2.0,3.0
22,3.0,2.0,4.0,1.0,2.0,3.0
23,3.0,2.0,4.0,1.0,2.0,3.0
24,3.0,2.0,4.0,1.0,2.0,3.0
25,3.0,2.0,4.0,1.0,2.0,3.0
26,3.0,2.0,4.0,1.0,2.0,3.0
27,3.0,2.0,4.0,1.0,2.0,3.0
28,3.0,2.0,4.0,1.0,2.0,3.0
29,3.0,2.0,4.0,1.0,2.0,3.0
30,3.0,2.0,4.0,1.0,2.0,3.0
31,3.0,2.0,4.0,1.0,2.0,3.0
32,3.0,2.0,4.0,1.0,2.0,3.0
33,3.0,2.0,4.0,1.0,2.0,3.0
34,3.0,2.0,4.0,1.0,2.0,3.0
35,3.0,2.0,4.0,1.0,2.0,3.0
36,3.0,2.0,4.0,1.0,2.0,3.0
37,3.0,2.0,4.0,1.0,2.0,3.0
38,3.0,2.0,4.0,1.0,2.0,3.0
39,3.0,2.0,4.0,1.0,2.0,3.0
40,3.0,2.0,4.0,1.0,2.0,3.0
41,3.0,2.0,4.0,1.0,2.0,3.0
42,3.0,2.0,4.0,1.0,2.0,3.0
43,3.0,2.0,4.0,1.0,2.0,3.0
44,3.0,2.0,4.0,1.0,2.0,3.0
45,3.0,2.0,4.0,1.0,2.0,3.0
46,3.0,2.0,4.0,1.0,2.0,3.0
47,3.0,2.0,4.0,1.0,2.0,3.0
48,3.0,2.0,4.0,1.0,2.0,3.0
49,3.0,2.0,4.0,1.0,2.0,3.0
50,3.0,2.0,4.0,1.0,2.0,3.0
51,3.0,2.0,4.0,1.0,2.0,3.0
52,3.0,2.0,4.0,1.0,2.0,3.0
53,3.0,2.0,4.0,1.0,2.0,3.0
54,3.0,2.0,4.0,1.0,2.0,3.0
55,3.0,2.0,4.0,1.0,2.0,3.0
56,3.0,2.0,4.0,1.0,2.0,3.0
57,3.0,2.0,4.0,1.0,2.0,3.0
58,3.0,2.0,4.0,1.0,2.0,3.0
59,3.0,2.0,4.0,1.0,2.0,3.0
60,3.0,2.0,4.0,1.0,2.0,3.0
61,3.0,2.0,4.0,1.0,2.0,3.0
62,3.0,2.0,4.0,1.0,2.0,3.0
63,3.0,2.0,4.0,1.0,2.0,3.0
64,3.0,2.0,4.0,1.0,2.0,3.0
65,3.0,2.0,4.0,1.0,2.0,3.0
66,3.0,2.0,4.0,1.0,2.0,3.0
67,3.0,2.0,4.0,1.0,2.0,3.0
68,3.0,2.0,4.0,1.0,2.0,3.0
69,3.0,2.0,4.0,1.0,2.0,3.0
70,3.0,2.0,4.0,1.0,2.0,3.0
71,3.0,2.0,4.0,1.0,2.0,3.0
72,3.0,2.0,4.0,1.0,2.0,3.0
73,3.0,2.0,4.0,1.0,2.0,3.0
74,3.0,2.0,4.0,1.0,2.0,3.0
75,3.0,2.0,4.0,1.0,2.0,3.0
76,3.0,2.0,4.0,1.0,2.0,3.0
77,3.0,2.0,4.0,1.0,2.0,3.0
78,3.0,2.0,4.0,1.0,2.0,3.0
79,3.0,2.0,4.0,1.0,2.0,3.0
80,3.0,2.0,4.0,1.0,2.0,3.0
81,3.0,2.0,4.0,1.0,2.0,3.0
82,3.0,2.0,4.0,1.0,2.0,3.0
83,3.0,2.0,4.0,1.0,2.0,3.0
84,3.0,2.0,4.0,1.0,2.0,3.0
85,3.0,2.0,4.0,1.0,2.0,3.0
86,3.0,2.0,4.0,1.0,2.0,3.0
87,3.0,2.0,4.0,1.0,2.0,3.0
88,3.0,2.0,4.0,1.0,2.0,3.0
89,3.0,2.0,4.0,1.0,2.0,3.0
90,3.0,2.0,4.0,1.0,2.0,3.0
91,3.0,2.0,4.0,1.0,2.0,3.0
92,3.0,2.0,4.0,1.0,2.0,3.0
93,3.0,2.0,4.0,1.0,2.0,3.0
94,3.0,2.0,4.0,1.0,2.0,3.0
95,3.0,2.0,4.0,1.0,2.0,3.0
96,3.0,2.0,4.0,1.0,2.0,3.0
97,3.0,2.0,4.0,1.0,2.0,3.0
98,3.0,2.0,4.0,1.0,2.0,3.0
99,3.0,2.0,4.0,1.0,2.0,3.0
100,3.0,2.0,4.0,1.0,2.0,3.0
101,3.0,2.0,4.0,1.0,2.0,3.0
102,3.0,2.0,4.0,1.0,2.0,3.0
103,3.0,2.0,4.0,1.0,2.0,3.0
104,3.0,2.0,4.0,1.0,2.0,3.0
105,3.0,2.0,4.0,1.0,2.0,3.0
106,3.0,2.0,4.0,1.0,2.0,3.0
107,3.0,2.0,4.0,1.0,2.0,3.0
108,3.0,2.0,4.0,1.0,2.0,3.0
109,3.0,2.0,4.0,1.0,2.0,3.0
110,3.0,2.0,4.0,1.0,2.0,3.0
111,3.0,2.0,4.0,1.0,2.0,3.0
112,3.0,2.0,4.0,1.0,2.0,3.0
113,3.0,2.0,4.0,1.0,2.0,3.0
114,3.0,2.0,4.0,1.0,2.0,3.0
115,3.0,2.0,4.0,1.0,2.0,3.0
116,3.0,2.0,4.0,1.0,2.0,3.0
117,3.0,2.0,4.0,1.0,2.0,3.0
118,3.0,2.0,4.0,1.0,2.0,3.0
119,3.0,2.0,4.0,1.0,2.0,3.0
120,3.0,2.0,4.0,1.0,2.0,3.0
121,3.0,2.0,4.0,1.0,2.0,3.0
122,3.0,2.0,4.0,1.0,2.0,3.0
123,3.0,2.0,4.0,1.0,2.0,3.0
124,3.0,2.0,4.0,1.0,2.0,3.0
125,3.0,2.0,4.0,1.0,2.0,3.0
126,3.0,2.0,4.0,1.0,2.0,3.0
127,3.0,2.0,4.0,1.0,2.0,3.0
128,3.0,2.0,4.0,1.0,2.0,3.0
129,3.0,2.0,4.0,1.0,2.0,3.0
130,3.0,2.0,4.0,1.0,2.0,3.0
131,3.0,2.0,4.0,1.0,2.0,3.0
132,3.0,2.0,4.0,1.0,2.0,3.0
133,3.0,2.0,4.0,1.0,2.0,3.0
134,3.0,2.0,4.0,1.0,2.0,3.0
135,3.0,2.0,4.0,1.0,2.0,3.0
136,3.0,2.0,4.0,1.0,2.0,3.0
137,3.0,2.0,4.0,1.0,2.0,3.0
138,3.0,2.0,4.0,1.0,2.0,3.0
139,3.0,2.0,4.0,1.0,2.0,3.0
140,3.0,2.0,4.0,1.0,2.0,3.0
141,3.0,2.0,4.0,1.0,2.0,3.0
142,3.0,2.0,4.0,1.0,2.0,3.0
143,3.0,2.0,4.0,1.0,2.0,3.0
144,3.0,2.0,4.0,1.0,2.0,3.0
145,3.0,2.0,4.0,1.0,2.0,3.0
146,3.0,2.0,4.0,1.0,2.0,3.0
147,3.0,2.0,4.0,1.0,2.0,3.0
148,3.0,2.0,4.0,1.0,2.0,3.0
149,3.0,2.0,4.0,1.0,2.0,3.0
150,3.0,2.0,4.0,1.0,2.0,3.0
151,3.0,2.0,4.0,1.0,2.0,3.0
152,3.0,2.0,4.0,1.0,2.0,3.0
153,3.0,2.0,4.0,1.0,2.0,3.0
154,3.0,2.0,4.0,1.0,2.0,3.0
155,3.0,2.0,4.0,1.0,2.0,3.0
156,3.0,2.0,4.0,1.0,2.0,3.0
157,3.0,2.0,4.0,1.0,2.0,3.0
158,3.0,2.0,4.0,1.0,2.0,3.0
159,3.0,2.0,4.0,1.0,2.0,3.0
160,3.0,2.0,4.0,1.0,2.0,3.0
161,3.0,2.0,4.0,1.0,2.0,3.0
162,3.0,2.0,4.0,1.0,2.0,3.0
163,3.0,2.0,4.0,1.0,2.0,3.0
164,3.0,2.0,4.0,1.0,2.0,3.0
165,3.0,2.0,4.0,1.0,2.0,3.0
166,3.0,2.0,4.0,1.0,2.0,3.0
167,3.0,2.0,4.0,1.0,2.0,3.0
168,3.0,2.0,4.0,1.0,2.0,3.0
169,3.0,2.0,4.0,1.0,2.0,3.0
170,3.0,2.0,4.0,1.0,2.0,3.0
171,3.0,2.0,4.0,1.0,2.0,3.0
172,3.0,2.0,4.0,1.0,2.0,3.0
173,3.0,2.0,4.0,1.0,2.0,3.0
174,3.0,2.0,4.0,1.0,2.0,3.0
175,3.0,2.0,4.0,1.0,2.0,3.0
176,3.0,2.0,4.0,1.0,2.0,3.0
177,3.0,2.0,4.0,1.0,2.0,3.0
178,3.0,2.0,4.0,1.0,2.0,3.0
179,3.0,2.0,4.0,1.0,2.0,3.0
180,3.0,2.0,4.0,1.0,2.0,3.0
181,3.0,2.0,4.0,1.0,2.0,3.0
182,3.0,2.0,4.0,1.0,2.0,3.0
183,3.0,2.0,4.0,1.0,2.0,3.0
184,3.0,2.0,4.0,1.0,2.0,3.0
185,3.0,2.0,4.0,1.0,2.0,3.0
186,3.0,2.0,4.0,1.0,2.0,3.0
187,3.0,2.0,4.0,1.0,2.0,3.0
188,3.0,2.0,4.0,1.0,2.0,3.0
189,3.0,2.0,4.0,1.0,2.0,3.0
190,3.0,2.0,4.0,1.0,2.0,3.0
191,3.0,2.0,4.0,1.0,2.0,3.0
192,3.0,2.0,4.0,1.0,2.0,3.0
193,3.0,2.0,4.0,1.0,2.0,3.0
194,3.0,2.0,4.0,1.0,2.0,3.0
195,3.0,2.0,4.0,1.0,2.0,3.0
196,3.0,2.0,4.0,1.0,2.0,3.0
197,3.0,2.0,4.0,1.0,2.0,3.0
198,3.0,2.0,4.0,1.0,2.0,3.0
199,3.0,2.0,4.0,1.0,2.0,3.0
200,3.0,2.0,4.0,1.0,2.0,3.0
201,3.0,2.0,4.0,1.0,2.0,3.0
202,3.0,2.0,4.0,1.0,2.0,3.0
203,3.0,2.0,4.0,1.0,2.0,3.0
204,3.0,2.0,4.0,1.0,2.0,3.0
205,3.0,2.0,4.0,1.0,2.0,3.0
206,3.0,2.0,4.0,1.0,2.0,3.0
207,3.0,2.0,4.0,1.0,2.0,3.0
208,3.0,2.0,4.0,1.0,2.0,3.0
209,3.0,2.0,4.0,1.0,2.0,3.0
210,3.0,2.0,4.0,1.0,2.0,3.0
211,3.0,2.0,4.0,1.0,2.0,3.0
212,3.0,2.0,4.0,1.0,2.0,3.0
213,3.0,2.0,4.0,1.0,2.0,3.0
214,3.0,2.0,4.0,1.0,2.0,3.0
215,3.0,2.0,4.0,1.0,2.0,3.0
216,3.0,2.0,4.0,1.0,2.0,3.0
217,3.0,2.0,4.0,1.0,2.0,3.0
218,3.0,2.0,4.0,1.0,2.0,3.0
219,3.0,2.0,4.0,1.0,2.0,3.0
220,3.0,2.0,4.0,1.0,2.0,3.0
221,3.0,2.0,4.0,1.0,2.0,3.0
222,3.0,2.0,4.0,1.0,2.0,3.0
223,3.0,2.0,4.0,1.0,2.0,3.0
224,3.0,2.0,4.0,1.0,2.0,3.0
225,3.0,2.0,4.0,1.0,2.0,3.0
226,3.0,2.0,4.0,1.0,2.0,3.0
227,3.0,2.0,4.0,1.0,2.0,3.0
228,3.0,2.0,4.0,1.0,2.0,3.0
229,3.0,2.0,4.0,1.0,2.0,3.0
230,3.0,2.0,4.0,1.0,2.0,3.0
231,3.0,2.0,4.0,1.0,2.0,3.0
232,3.0,2.0,4.0,1.0,2.0,3.0
233,3.0,2.0,4.0,1.0,2.0,3.0
234,3.0,2.0,4.0,1.0,2.0,3.0
235,3.0,2.0,4.0,1.0,2.0,3.0
236,3.0,2.0,4.0,1.0,2.0,3.0
237,3.0,2.0,4.0,1.0,2.0,3.0
238,3.0,2.0,4.0,1.0,2.0,3.0
239,3.0,2.0,4.0,1.0,2.0,3.0
240,3.0,2.0,4.0,1.0,2.0,3.0
241,3.0,2.0,4.0,1.0,2.0,3.0
242,3.0,2.0,4.0,1.0,2.0,3.0
243,3.0,2.0,4.0,1.0,2.0,3.0
244,3.0,2.0,4.0,1.0,2.0,3.0
245,3.0,2.0,4.0,1.0,2.0,3.0
246,3.0,2.0,4.0,1.0,2.0,3.0
247,3.0,2.0,4.0,1.0,2.0,3.0
248,3.0,2.0,4.0,1.0,2.0,3.0
249,3.0,2.0,4.0,1.0,2.0,3.0
250,3.0,2.0,4.0,1.0,2.0,3.0
251,3.0,2.0,4.0,1.0,2.0,3.0
252,3.0,2.0,4.0,1.0,2.0,3.0
253,3.0,2.0,4.0,1.0,2.0,3.0
254,3.0,2.0,4.0,1.0,2.0,3.0
255,3.0,2.0,4.0,1.0,2.0,3.0
256,3.0,2.0,4.0,1.0,2.0,3.0
257,3.0,2.0,4.0,1.0,2.0,3.0
258,3.0,2.0,4.0,1.0,2.0,3.0
259,3.0,2.0,4.0,1.0,2.0,3.0
260,3.0,2.0,4.0,1.0,2.0,3.0
261,3.0,2.0,4.0,1.0,2.0,3.0
262,3.0,2.0,4.0,1.0,2.0,3.0
263,3.0,2.0,4.0,1.0,2.0,3.0
264,3.0,2.0,4.0,1.0,2.0,3.0
265,3.0,2.0,4.0,1.0,2.0,3.0
266,3.0,2.0,4.0,1.0,2.0,3.0
267,3.0,2.0,4.0,1.0,2.0,3.0
268,3.0,2.0,4.0,1.0,2.0,3.0
269,3.0,2.0,4.0,1.0,2.0,3.0
270,3.0,2.0,4.0,1.0,2.0,3.0
271,3.0,2.0,4.0,1.0,2.0,3.0
272,3.0,2.0,4.0,1.0,2.0,3.0
273,3.0,2.0,4.0,1.0,2.0,3.0
274,3.0,2.0,4.0,1.0,2.0,3.0
275,3.0,2.0,4.0,1.0,2.0,3.0
276,3.0,2.0,4.0,1.0,2.0,3.0
277,3.0,2.0,4.0,1.0,2.0,3.0
278,3.0,2.0,4.0,1.0,2.0,3.0
279,3.0,2.0,4.0,1.0,2.0,3.0
280,3.0,2.0,4.0,1.0,2.0,3.0
281,3.0,2.0,4.0,1.0,2.0,3.0
282,3.0,2.0,4.0,1.0,2.0,3.0
283,3.0,2.0,4.0,1.0,2.0,3.0
284,3.0,2.0,4.0,1.0,2.0,3.0
285,3.0,2.0,4.0,1.0,2.0,3.0
286,3.0,2.0,4.0,1.0,2.0,3.0
287,3.0,2.0,4.0,1.0,2.0,3.0
288,3.0,2.0,4.0,1.0,2.0,3.0
289,3.0,2.0,4.0,1.0,2.0,3.0
290,3.0,2.0,4.0,1.0,2.0,3.0
291,3.0,2.0,4.0,1.0,2.0,3.0
292,3.0,2.0,4.0,1.0,2.0,3.0
293,2.0,2.0,4.0,1.0,3.0,3.0
294,2.0,2.0,4.0,1.0,3.0,3.0
295,2.0,2.0,4.0,1.0,3.0,3.0
296,1.0,2.0,4.0,1.0,4.0,3.0
297,1.0,2.0,4.0,1.0,4.0,3.0
298,1.0,2.0,4.0,1.0,4.0,3.0
299,1.0,2.0,4.0,1.0,4.0,3.0
300,1.0,2.0,4.0,1.0,4.0,3.0
301,1.0,2.0,4.0,1.0,4.0,3.0
302,2.0,2.0,4.0,1.0,4.0,2.0
303,2.0,2.0,4.0,1.0,4.0,2.0
304,2.0,2.0,4.0,1.0,4.0,2.0
305,2.0,2.0,4.0,1.0,4.0,2.0
306,2.0,2.0,4.0,1.0,4.0,2.0
307,2.0,2.0,4.0,1.0,4.0,2.0
308,2.0,2.0,4.0,1.0,4.0,2.0
309,2.0,2.0,4.0,1.0,4.0,2.0
310,2.0,2.0,4.0,1.0,4.0,2.0
311,2.0,2.0,4.0,1.0,4.0,2.0
312,2.0,2.0,4.0,1.0,4.0,2.0
313,2.0,2.0,4.0,1.0,4.0,2.0
314,2.0,2.0,4.0,1.0,4.0,2.0
315,2.0,2.0,4.0,1.0,4.0,2.0
316,2.0,2.0,4.0,1.0,4.0,2.0
317,2.0,2.0,4.0,1.0,4.0,2.0
318,2.0,1.0,5.0,1.0,4.0,2.0
319,2.0,1.0,5.0,1.0,4.0,2.0
320,2.0,1.0,5.0,1.0,4.0,2.0
321,2.0,1.0,5.0,1.0,4.0,2.0
322,3.0,1.0,5.0,1.0,4.0,1.0
323,3.0,1.0,5.0,1.0,4.0,1.0
324,3.0,1.0,5.0,1.0,4.0,1.0
325,3.0,1.0,5.0,1.0,4.0,1.0
326,3.0,1.0,5.0,1.0,4.0,1.0
327,3.0,1.0,5.0,1.0,4.0,1.0
328,3.0,1.0,5.0,1.0,4.0,1.0
329,3.0,1.0,5.0,1.0,4.0,1.0
330,3.0,1.0,5.0,1.0,4.0,1.0
331,3.0,1.0,5.0,1.0,4.0,1.0
332,3.0,1.0,5.0,1.0,4.0,1.0
333,3.0,1.0,5.0,1.0,4.0,1.0
334,3.0,1.0,5.0,1.0,4.0,1.0
335,3.0,1.0,5.0,1.0,4.0,1.0
336,3.0,1.0,5.0,1.0,4.0,1.0
337,3.0,1.0,5.0,1.0,4.0,1.0
338,3.0,1.0,5.0,1.0,4.0,1.0
339,3.0,1.0,5.0,1.0,4.0,1.0
340,3.0,1.0,5.0,1.0,4.0,1.0
341,3.0,1.0,5.0,1.0,4.0,1.0
342,3.0,1.0,5.0,1.0,4.0,1.0
343,3.0,1.0,5.0,1.0,4.0,1.0
344,3.0,1.0,5.0,1.0,4.0,1.0
345,3.0,1.0,5.0,1.0,4.0,1.0
346,3.0,1.0,5.0,1.0,4.0,1.0
347,3.0,1.0,5.0,1.0,4.0,1.0
348,3.0,1.0,5.0,1.0,4.0,1.0
349,3.0,1.0,5.0,1.0,4.0,1.0
350,3.0,1.0,5.0,1.0,4.0,1.0
351,3.0,1.0,5.0,1.0,4.0,1.0
352,3.0,1.0,5.0,1.0,4.0,1.0
353,3.0,1.0,5.0,1.0,4.0,1.0
354,3.0,1.0,5.0,1.0,4.0,1.0
355,3.0,1.0,5.0,1.0,4.0,1.0
356,3.0,1.0,5.0,1.0,4.0,1.0
357,3.0,1.0,5.0,1.0,4.0,1.0
358,3.0,1.0,5.0,1.0,4.0,1.0
359,3.0,1.0,5.0,1.0,4.0,1.0
360,3.0,1.0,5.0,1.0,4.0,1.0
361,3.0,1.0,5.0,1.0,4.0,1.0
362,3.0,1.0,6.0,1.0,3.0,1.0
363,3.0,1.0,6.0,1.0,3.0,1.0
364,3.0,1.0,6.0,1.0,3.0,1.0
365,3.0,1.0,6.0,1.0,3.0,1.0
366,3.0,1.0,6.0,1.0,3.0,1.0
367,3.0,1.0,6.0,1.0,3.0,1.0
368,3.0,1.0,6.0,1.0,3.0,1.0
369,3.0,1.0,6.0,1.0,3.0,1.0
370,3.0,1.0,6.0,1.0,3.0,1.0
371,3.0,1.0,6.0,1.0,3.0,1.0
372,3.0,1.0,6.0,1.0,3.0,1.0
373,3.0,1.0,6.0,1.0,3.0,1.0
374,3.0,1.0,6.0,1.0,3.0,1.0
375,3.0,1.0,6.0,1.0,3.0,1.0
376,3.0,1.0,6.0,1.0,3.0,1.0
377,3.0,1.0,6.0,1.0,3.0,1.0
378,3.0,1.0,6.0,1.0,3.0,1.0
379,3.0,1.0,6.0,1.0,3.0,1.0
380,3.0,1.0,6.0,1.0,3.0,1.0
381,3.0,1.0,6.0,1.0,3.0,1.0
382,3.0,1.0,6.0,1.0,3.0,1.0
383,3.0,1.0,6.0,1.0,3.0,1.0
384,3.0,1.0,6.0,1.0,3.0,1.0
385,3.0,1.0,6.0,1.0,3.0,1.0
386,3.0,1.0,6.0,1.0,3.0,1.0
387,3.0,1.0,6.0,1.0,3.0,1.0
388,3.0,1.0,6.0,1.0,3.0,1.0
389,3.0,1.0,6.0,1.0,3.0,1.0
390,3.0,1.0,6.0,1.0,3.0,1.0
391,3.0,1.0,6.0,1.0,3.0,1.0
392,3.0,1.0,6.0,1.0,3.0,1.0
393,3.0,1.0,6.0,1.0,3.0,1.0
394,3.0,1.0,6.0,1.0,3.0,1.0
395,3.0,1.0,6.0,1.0,3.0,1.0
396,3.0,1.0,6.0,1.0,3.0,1.0
397,3.0,1.0,6.0,1.0,3.0,1.0
398,3.0,1.0,6.0,1.0,3.0,1.0
399,3.0,1.0,6.0,1.0,3.0,1.0
400,3.0,1.0,6.0,1.0,3.0,1.0
401,3.0,1.0,6.0,1.0,3.0,1.0
402,3.0,1.0,6.0,1.0,3.0,1.0
403,3.0,1.0,6.0,1.0,3.0,1.0
404,3.0,1.0,6.0,1.0,3.0,1.0
405,3.0,1.0,6.0,1.0,3.0,1.0
406,3.0,1.0,6.0,1.0,3.0,1.0
407,3.0,1.0,6.0,1.0,3.0,1.0
408,3.0,1.0,6.0,1.0,3.0,1.0
409,3.0,1.0,6.0,1.0,3.0,1.0
410,3.0,1.0,6.0,1.0,3.0,1.0
411,3.0,1.0,6.0,1.0,3.0,1.0
412,3.0,1.0,6.0,1.0,3.0,1.0
413,3.0,1.0,6.0,1.0,3.0,1.0
414,3.0,1.0,6.0,1.0,3.0,1.0
415,3.0,1.0,6.0,1.0,3.0,1.0
416,3.0,1.0,6.0,1.0,3.0,1.0
417,3.0,1.0,6.0,1.0,3.0,1.0
418,3.0,1.0,6.0,1.0,3.0,1.0
419,3.0,1.0,6.0,1.0,3.0,1.0
420,3.0,1.0,6.0,1.0,3.0,1.0
421,3.0,1.0,6.0,1.0,3.0,1.0
422,3.0,1.0,6.0,1.0,3.0,1.0
423,3.0,1.0,6.0,1.0,3.0,1.0
424,3.0,1.0,6.0,1.0,3.0,1.0
425,3.0,1.0,6.0,1.0,3.0,1.0
426,3.0,1.0,6.0,1.0,3.0,1.0
427,3.0,1.0,6.0,1.0,3.0,1.0
428,3.0,1.0,6.0,1.0,3.0,1.0
429,3.0,1.0,6.0,1.0,3.0,1.0
430,3.0,1.0,6.0,1.0,3.0,1.0
431,3.0,1.0,6.0,1.0,3.0,1.0
432,3.0,1.0,6.0,1.0,3.0,1.0
433,3.0,1.0,6.0,1.0,3.0,1.0
434,3.0,1.0,6.0,1.0,3.0,1.0
435,3.0,1.0,6.0,1.0,3.0,1.0
436,3.0,1.0,6.0,1.0,3.0,1.0
437,3.0,1.0,6.0,1.0,3.0,1.0
438,3.0,1.0,6.0,1.0,3.0,1.0
439,3.0,1.0,6.0,1.0,3.0,1.0
440,3.0,1.0,6.0,1.0,3.0,1.0
441,3.0,1.0,6.0,1.0,3.0,1.0
442,3.0,1.0,6.0,1.0,3.0,1.0
443,3.0,1.0,6.0,1.0,3.0,1.0
444,3.0,1.0,6.0,1.0,3.0,1.0
445,3.0,1.0,6.0,1.0,3.0,1.0
446,3.0,1.0,6.0,1.0,3.0,1.0
447,3.0,1.0,6.0,1.0,3.0,1.0
448,3.0,1.0,6.0,1.0,3.0,1.0
449,3.0,1.0,6.0,1.0,3.0,1.0
450,3.0,1.0,6.0,1.0,3.0,1.0
451,3.0,1.0,6.0,1.0,3.0,1.0
452,3.0,1.0,6.0,1.0,3.0,1.0
453,3.0,1.0,6.0,1.0,3.0,1.0
454,3.0,1.0,6.0,1.0,3.0,1.0
455,3.0,1.0,6.0,1.0,3.0,1.0
456,3.0,1.0,6.0,1.0,3.0,1.0
457,3.0,1.0,6.0,1.0,3.0,1.0
458,3.0,1.0,6.0,1.0,3.0,1.0
459,3.0,1.0,6.0,1.0,3.0,1.0
460,3.0,1.0,6.0,1.0,3.0,1.0
461,3.0,1.0,6.0,1.0,3.0,1.0
462,3.0,1.0,6.0,1.0,3.0,1.0
463,3.0,1.0,6.0,1.0,3.0,1.0
464,3.0,1.0,6.0,1.0,3.0,1.0
465,3.0,1.0,6.0,1.0,3.0,1.0
466,3.0,1.0,6.0,1.0,3.0,1.0
467,3.0,1.0,6.0,1.0,3.0,1.0
468,3.0,1.0,6.0,1.0,3.0,1.0
469,3.0,1.0,6.0,1.0,3.0,1.0
470,3.0,1.0,6.0,1.0,3.0,1.0
471,3.0,1.0,6.0,1.0,3.0,1.0
472,3.0,1.0,6.0,1.0,3.0,1.0
473,3.0,1.0,6.0,1.0,3.0,1.0
474,3.0,1.0,6.0,1.0,3.0,1.0
475,3.0,1.0,6.0,1.0,3.0,1.0
476,3.0,1.0,6.0,1.0,3.0,1.0
477,3.0,1.0,6.0,1.0,3.0,1.0
478,3.0,1.0,6.0,1.0,3.0,1.0
479,3.0,1.0,6.0,1.0,3.0,1.0
480,3.0,1.0,6.0,1.0,3.0,1.0
481,3.0,1.0,6.0,1.0,3.0,1.0
482,3.0,1.0,6.0,1.0,3.0,1.0
483,3.0,1.0,6.0,1.0,3.0,1.0
484,3.0,1.0,6.0,1.0,3.0,1.0
485,3.0,1.0,6.0,1.0,3.0,1.0
486,3.0,1.0,6.0,1.0,3.0,1.0
487,3.0,1.0,6.0,1.0,3.0,1.0
488,3.0,1.0,6.0,1.0,3.0,1.0
489,3.0,1.0,6.0,1.0,3.0,1.0
490,3.0,1.0,6.0,1.0,3.0,1.0
491,3.0,1.0,6.0,1.0,3.0,1.0
492,3.0,1.0,6.0,1.0,3.0,1.0
493,3.0,1.0,6.0,1.0,3.0,1.0
494,3.0,1.0,6.0,1.0,3.0,1.0
495,3.0,1.0,6.0,1.0,3.0,1.0
496,3.0,1.0,6.0,1.0,3.0,1.0
497,3.0,1.0,6.0,1.0,3.0,1.0
498,3.0,1.0,6.0,1.0,3.0,1.0
499,3.0,1.0,6.0,1.0,3.0,1.0
500,3.0,1.0,6.0,1.0,3.0,1.0
501,3.0,1.0,6.0,1.0,3.0,1.0
502,3.0,1.0,6.0,1.0,3.0,1.0
503,3.0,1.0,6.0,1.0,3.0,1.0
504,3.0,1.0,6.0,1.0,3.0,1.0
505,3.0,1.0,6.0,1.0,3.0,1.0
506,3.0,1.0,6.0,1.0,3.0,1.0
507,3.0,1.0,6.0,1.0,3.0,1.0
508,3.0,1.0,6.0,1.0,3.0,1.0
509,3.0,1.0,6.0,1.0,3.0,1.0
510,3.0,1.0,6.0,1.0,3.0,1.0
511,3.0,1.0,6.0,1.0,3.0,1.0
512,3.0,1.0,6.0,1.0,3.0,1.0
513,3.0,1.0,6.0,1.0,3.0,1.0
514,3.0,1.0,6.0,1.0,3.0,1.0
515,3.0,1.0,6.0,1.0,3.0,1.0
516,3.0,1.0,6.0,1.0,3.0,1.0
517,3.0,1.0,6.0,1.0,3.0,1.0
518,3.0,1.0,6.0,1.0,3.0,1.0
519,3.0,1.0,6.0,1.0,3.0,1.0
520,3.0,1.0,6.0,1.0,3.0,1.0
521,3.0,1.0,6.0,1.0,3.0,1.0
522,3.0,1.0,6.0,1.0,3.0,1.0
523,3.0,1.0,6.0,1.0,3.0,1.0
524,3.0,1.0,6.0,1.0,3.0,1.0
525,3.0,1.0,6.0,1.0,3.0,1.0
526,3.0,1.0,6.0,1.0,3.0,1.0
527,3.0,1.0,6.0,1.0,3.0,1.0
528,3.0,1.0,6.0,1.0,3.0,1.0
529,3.0,1.0,6.0,1.0,3.0,1.0
530,3.0,1.0,6.0,1.0,3.0,1.0
531,3.0,1.0,6.0,1.0,3.0,1.0
532,3.0,1.0,6.0,1.0,3.0,1.0
533,3.0,1.0,6.0,1.0,3.0,1.0
534,3.0,1.0,6.0,1.0,3.0,1.0
535,3.0,1.0,6.0,1.0,3.0,1.0
536,3.0,1.0,6.0,1.0,3.0,1.0
537,3.0,1.0,6.0,1.0,3.0,1.0
538,3.0,1.0,6.0,1.0,3.0,1.0
539,3.0,1.0,6.0,1.0,3.0,1.0
540,3.0,1.0,6.0,1.0,3.0,1.0
541,3.0,1.0,6.0,1.0,3.0,1.0
542,3.0,1.0,6.0,1.0,3.0,1.0
543,3.0,1.0,6.0,1.0,3.0,1.0
544,3.0,1.0,6.0,1.0,3.0,1.0
545,3.0,1.0,6.0,1.0,3.0,1.0
546,3.0,1.0,6.0,1.0,3.0,1.0
547,3.0,1.0,6.0,1.0,3.0,1.0
548,3.0,1.0,6.0,1.0,3.0,1.0
549,3.0,1.0,6.0,1.0,3.0,1.0
550,3.0,1.0,6.0,1.0,3.0,1.0
551,3.0,1.0,6.0,1.0,3.0,1.0
552,3.0,1.0,6.0,1.0,3.0,1.0
553,3.0,1.0,6.0,1.0,3.0,1.0
554,3.0,1.0,6.0,1.0,3.0,1.0
555,3.0,1.0,6.0,1.0,3.0,1.0
556,3.0,1.0,6.0,1.0,3.0,1.0
557,3.0,1.0,6.0,1.0,3.0,1.0
558,3.0,1.0,6.0,1.0,3.0,1.0
559,3.0,1.0,6.0,1.0,3.0,1.0
560,3.0,1.0,6.0,1.0,3.0,1.0
561,3.0,1.0,6.0,1.0,3.0,1.0
562,3.0,1.0,6.0,1.0,3.0,1.0
563,3.0,1.0,6.0,1.0,3.0,1.0
564,3.0,1.0,6.0,1.0,3.0,1.0
565,3.0,1.0,6.0,1.0,3.0,1.0
566,3.0,1.0,6.0,1.0,3.0,1.0
567,3.0,1.0,6.0,1.0,3.0,1.0
568,3.0,1.0,6.0,1.0,3.0,1.0
569,3.0,1.0,6.0,1.0,3.0,1.0
570,3.0,1.0,6.0,1.0,3.0,1.0
571,3.0,1.0,6.0,1.0,3.0,1.0
572,3.0,1.0,6.0,1.0,3.0,1.0
573,3.0,1.0,6.0,1.0,3.0,1.0
574,3.0,1.0,6.0,1.0,3.0,1.0
575,3.0,1.0,6.0,1.0,3.0,1.0
576,3.0,1.0,6.0,1.0,3.0,1.0
577,3.0,1.0,6.0,1.0,3.0,1.0
578,3.0,1.0,6.0,1.0,3.0,1.0
579,3.0,1.0,6.0,1.0,3.0,1.0
580,3.0,1.0,6.0,1.0,3.0,1.0
581,3.0,1.0,6.0,1.0,3.0,1.0
582,3.0,1.0,6.0,1.0,3.0,1.0
583,3.0,1.0,6.0,1.0,3.0,1.0
584,3.0,1.0,6.0,1.0,3.0,1.0
585,3.0,1.0,6.0,1.0,3.0,1.0
586,3.0,1.0,6.0,1.0,3.0,1.0
587,3.0,1.0,6.0,1.0,3.0,1.0
588,3.0,1.0,6.0,1.0,3.0,1.0
589,3.0,1.0,6.0,1.0,3.0,1.0
590,3.0,1.0,6.0,1.0,3.0,1.0
591,3.0,1.0,6.0,1.0,3.0,1.0
592,3.0,1.0,6.0,1.0,3.0,1.0
593,3.0,1.0,6.0,1.0,3.0,1.0
594,3.0,1.0,6.0,1.0,3.0,1.0
595,3.0,1.0,6.0,1.0,3.0,1.0
596,3.0,1.0,6.0,1.0,3.0,1.0
597,3.0,1.0,6.0,1.0,3.0,1.0
598,3.0,1.0,6.0,1.0,3.0,1.0
599,3.0,1.0,6.0,1.0,3.0,1.0
600,3.0,1.0,6.0,1.0,3.0,1.0
601,3.0,1.0,6.0,1.0,3.0,1.0
602,3.0,1.0,6.0,1.0,3.0,1.0
603,3.0,1.0,6.0,1.0,3.0,1.0
604,3.0,1.0,6.0,1.0,3.0,1.0
605,3.0,1.0,6.0,1.0,3.0,1.0
606,3.0,1.0,6.0,1.0,3.0,1.0
607,3.0,1.0,6.0,1.0,3.0,1.0
608,3.0,1.0,6.0,1.0,3.0,1.0
609,3.0,1.0,6.0,1.0,3.0,1.0
610,3.0,1.0,6.0,1.0,3.0,1.0
611,3.0,1.0,6.0,1.0,3.0,1.0
612,3.0,1.0,6.0,1.0,3.0,1.0
613,3.0,1.0,6.0,1.0,3.0,1.0
614,3.0,1.0,6.0,1.0,3.0,1.0
615,3.0,1.0,6.0,1.0,3.0,1.0
616,3.0,1.0,6.0,1.0,3.0,1.0
617,3.0,1.0,6.0,1.0,3.0,1.0
618,3.0,1.0,6.0,1.0,3.0,1.0
619,3.0,1.0,6.0,1.0,3.0,1.0
620,3.0,1.0,6.0,1.0,3.0,1.0
621,3.0,1.0,6.0,1.0,3.0,1.0
622,3.0,1.0,6.0,1.0,3.0,1.0
623,3.0,1.0,6.0,1.0,3.0,1.0
624,3.0,1.0,6.0,1.0,3.0,1.0
625,3.0,1.0,6.0,1.0,3.0,1.0
626,3.0,1.0,6.0,1.0,3.0,1.0
627,3.0,1.0,6.0,1.0,3.0,1.0
628,3.0,1.0,6.0,1.0,3.0,1.0
629,3.0,1.0,6.0,1.0,3.0,1.0
630,3.0,1.0,6.0,1.0,3.0,1.0
631,3.0,1.0,6.0,1.0,3.0,1.0
632,3.0,1.0,6.0,1.0,3.0,1.0
633,3.0,1.0,6.0,1.0,3.0,1.0
634,3.0,1.0,6.0,1.0,3.0,1.0
635,3.0,1.0,6.0,1.0,3.0,1.0
636,3.0,1.0,6.0,1.0,3.0,1.0
637,3.0,1.0,6.0,1.0,3.0,1.0
638,3.0,1.0,6.0,1.0,3.0,1.0
639,3.0,1.0,6.0,1.0,3.0,1.0
640,3.0,1.0,6.0,1.0,3.0,1.0
641,3.0,1.0,6.0,1.0,3.0,1.0
642,3.0,1.0,6.0,1.0,3.0,1.0
643,3.0,1.0,6.0,1.0,3.0,1.0
644,3.0,1.0,6.0,1.0,3.0,1.0
645,3.0,1.0,6.0,1.0,3.0,1.0
646,3.0,1.0,6.0,1.0,3.0,1.0
647,3.0,1.0,6.0,1.0,3.0,1.0
648,3.0,1.0,6.0,1.0,3.0,1.0
649,3.0,1.0,6.0,1.0,3.0,1.0
650,3.0,1.0,6.0,1.0,3.0,1.0
651,3.0,1.0,6.0,1.0,3.0,1.0
652,3.0,1.0,6.0,1.0,3.0,1.0
653,3.0,1.0,6.0,1.0,3.0,1.0
654,3.0,1.0,6.0,1.0,3.0,1.0
655,3.0,1.0,6.0,1.0,3.0,1.0
656,3.0,1.0,6.0,1.0,3.0,1.0
657,3.0,1.0,6.0,1.0,3.0,1.0
658,3.0,1.0,6.0,1.0,3.0,1.0
659,3.0,1.0,6.0,1.0,3.0,1.0
660,3.0,1.0,6.0,1.0,3.0,1.0
661,3.0,1.0,6.0,1.0,3.0,1.0
662,3.0,1.0,6.0,1.0,3.0,1.0
663,3.0,1.0,6.0,1.0,3.0,1.0
664,3.0,1.0,6.0,1.0,3.0,1.0
665,3.0,1.0,6.0,1.0,3.0,1.0
666,3.0,1.0,6.0,1.0,3.0,1.0
667,3.0,1.0,6.0,1.0,3.0,1.0
668,3.0,1.0,6.0,1.0,3.0,1.0
669,3.0,1.0,6.0,1.0,3.0,1.0
670,3.0,1.0,6.0,1.0,3.0,1.0
671,3.0,1.0,6.0,1.0,3.0,1.0
672,3.0,1.0,6.0,1.0,3.0,1.0
673,3.0,1.0,6.0,1.0,3.0,1.0
674,3.0,1.0,6.0,1.0,3.0,1.0
675,3.0,1.0,6.0,1.0,3.0,1.0
676,3.0,1.0,6.0,1.0,3.0,1.0
677,3.0,1.0,6.0,1.0,3.0,1.0
678,3.0,1.0,6.0,1.0,3.0,1.0
679,3.0,1.0,6.0,1.0,3.0,1.0
680,3.0,1.0,6.0,1.0,3.0,1.0
681,3.0,1.0,6.0,1.0,3.0,1.0
682,3.0,1.0,6.0,1.0,3.0,1.0
683,3.0,1.0,6.0,1.0,3.0,1.0
684,3.0,1.0,6.0,1.0,3.0,1.0
685,3.0,1.0,6.0,1.0,3.0,1.0
686,3.0,1.0,6.0,1.0,3.0,1.0
687,3.0,1.0,6.0,1.0,3.0,1.0
688,3.0,1.0,6.0,1.0,3.0,1.0
689,3.0,1.0,6.0,1.0,3.0,1.0
690,3.0,1.0,6.0,1.0,3.0,1.0
691,3.0,1.0,6.0,1.0,3.0,1.0
692,3.0,1.0,6.0,1.0,3.0,1.0
693,3.0,1.0,6.0,1.0,3.0,1.0
694,3.0,1.0,6.0,1.0,3.0,1.0
695,3.0,1.0,6.0,1.0,3.0,1.0
696,3.0,1.0,6.0,1.0,3.0,1.0
697,3.0,1.0,6.0,1.0,3.0,1.0
698,3.0,1.0,6.0,1.0,3.0,1.0
699,3.0,1.0,6.0,1.0,3.0,1.0
700,3.0,1.0,6.0,1.0,3.0,1.0
701,3.0,1.0,6.0,1.0,3.0,1.0
702,3.0,1.0,6.0,1.0,3.0,1.0
703,3.0,1.0,6.0,1.0,3.0,1.0
704,3.0,1.0,6.0,1.0,3.0,1.0
705,3.0,1.0,6.0,1.0,3.0,1.0
706,3.0,1.0,6.0,1.0,3.0,1.0
707,3.0,1.0,6.0,1.0,3.0,1.0
708,3.0,1.0,6.0,1.0,3.0,1.0
709,3.0,1.0,6.0,1.0,3.0,1.0
710,2.0,1.0,6.0,2.0,3.0,1.0
711,2.0,1.0,6.0,2.0,3.0,1.0
712,2.0,1.0,6.0,2.0,3.0,1.0
713,2.0,1.0,6.0,2.0,3.0,1.0
714,2.0,1.0,6.0,2.0,3.0,1.0
715,2.0,1.0,6.0,2.0,3.0,1.0
716,2.0,1.0,6.0,2.0,3.0,1.0
717,2.0,1.0,6.0,2.0,3.0,1.0
718,2.0,1.0,6.0,2.0,3.0,1.0
719,2.0,1.0,6.0,2.0,3.0,1.0
720,2.0,1.0,6.0,2.0,3.0,1.0
721,2.0,1.0,6.0,2.0,3.0,1.0
722,2.0,1.0,6.0,2.0,3.0,1.0
723,2.0,1.0,6.0,2.0,3.0,1.0
724,2.0,1.0,6.0,2.0,3.0,1.0
725,2.0,1.0,6.0,2.0,3.0,1.0
726,2.0,1.0,6.0,2.0,3.0,1.0
727,2.0,1.0,6.0,2.0,3.0,1.0
728,2.0,1.0,6.0,2.0,3.0,1.0
729,2.0,1.0,6.0,2.0,3.0,1.0
730,2.0,1.0,6.0,2.0,3.0,1.0
731,2.0,1.0,6.0,2.0,3.0,1.0
732,2.0,1.0,6.0,2.0,3.0,1.0
733,2.0,1.0,6.0,2.0,3.0,1.0
734,2.0,1.0,6.0,2.0,3.0,1.0
735,2.0,1.0,6.0,2.0,3.0,1.0
736,2.0,1.0,6.0,2.0,3.0,1.0
737,2.0,1.0,6.0,2.0,3.0,1.0
738,2.0,1.0,6.0,2.0,3.0,1.0
739,2.0,1.0,6.0,2.0,3.0,1.0
740,2.0,1.0,6.0,2.0,3.0,1.0
741,2.0,1.0,6.0,2.0,3.0,1.0
742,2.0,1.0,6.0,2.0,3.0,1.0
743,2.0,1.0,6.0,2.0,3.0,1.0
744,2.0,1.0,6.0,2.0,3.0,1.0
745,2.0,1.0,6.0,2.0,3.0,1.0
746,2.0,1.0,6.0,2.0,3.0,1.0
747,2.0,1.0,6.0,2.0,3.0,1.0
748,2.0,1.0,6.0,2.0,3.0,1.0
749,2.0,1.0,6.0,2.0,3.0,1.0
750,2.0,1.0,6.0,2.0,3.0,1.0
751,2.0,1.0,6.0,2.0,3.0,1.0
752,2.0,1.0,6.0,2.0,3.0,1.0
753,2.0,1.0,6.0,2.0,3.0,1.0
754,2.0,1.0,6.0,2.0,3.0,1.0
755,2.0,1.0,6.0,2.0,3.0,1.0
756,2.0,1.0,6.0,2.0,3.0,1.0
757,2.0,1.0,6.0,2.0,3.0,1.0
758,2.0,1.0,6.0,2.0,3.0,1.0
759,2.0,1.0,6.0,2.0,3.0,1.0
760,2.0,1.0,6.0,2.0,3.0,1.0
761,2.0,1.0,6.0,2.0,3.0,1.0
762,2.0,1.0,6.0,2.0,3.0,1.0
763,2.0,1.0,6.0,2.0,3.0,1.0
764,2.0,1.0,6.0,2.0,3.0,1.0
765,2.0,1.0,6.0,2.0,3.0,1.0
766,2.0,1.0,6.0,2.0,3.0,1.0
767,2.0,1.0,6.0,2.0,3.0,1.0
768,2.0,1.0,6.0,2.0,3.0,1.0
769,2.0,1.0,6.0,2.0,3.0,1.0
770,2.0,1.0,6.0,2.0,3.0,1.0
771,2.0,1.0,6.0,2.0,3.0,1.0
772,2.0,1.0,6.0,2.0,3.0,1.0
773,2.0,1.0,6.0,2.0,3.0,1.0
774,2.0,1.0,6.0,2.0,3.0,1.0
775,2.0,1.0,6.0,2.0,3.0,1.0
776,2.0,1.0,6.0,2.0,3.0,1.0
777,2.0,1.0,6.0,2.0,3.0,1.0
778,2.0,1.0,6.0,2.0,3.0,1.0
779,2.0,1.0,6.0,2.0,3.0,1.0
780,2.0,1.0,6.0,2.0,3.0,1.0
781,2.0,1.0,6.0,2.0,3.0,1.0
782,2.0,1.0,6.0,2.0,3.0,1.0
783,2.0,1.0,6.0,2.0,3.0,1.0
784,2.0,1.0,6.0,2.0,3.0,1.0
785,2.0,1.0,6.0,2.0,3.0,1.0
786,2.0,1.0,6.0,2.0,3.0,1.0
787,2.0,1.0,6.0,2.0,3.0,1.0
788,2.0,1.0,6.0,2.0,3.0,1.0
789,2.0,1.0,6.0,2.0,3.0,1.0
790,2.0,1.0,6.0,2.0,3.0,1.0
791,2.0,1.0,6.0,2.0,3.0,1.0
792,2.0,1.0,6.0,2.0,3.0,1.0
793,2.0,1.0,6.0,2.0,3.0,1.0
794,2.0,1.0,6.0,2.0,3.0,1.0
795,2.0,1.0,6.0,2.0,3.0,1.0
796,2.0,1.0,6.0,2.0,3.0,1.0
797,2.0,1.0,6.0,2.0,3.0,1.0
798,2.0,1.0,6.0,2.0,3.0,1.0
799,2.0,1.0,6.0,2.0,3.0,1.0
800,2.0,1.0,6.0,2.0,3.0,1.0
801,2.0,1.0,6.0,2.0,3.0,1.0
802,2.0,1.0,6.0,2.0,3.0,1.0
803,2.0,1.0,6.0,2.0,3.0,1.0
804,2.0,1.0,6.0,2.0,3.0,1.0
805,2.0,1.0,6.0,2.0,3.0,1.0
806,2.0,1.0,6.0,2.0,3.0,1.0
807,2.0,1.0,6.0,2.0,3.0,1.0
808,2.0,1.0,6.0,2.0,3.0,1.0
809,2.0,1.0,6.0,2.0,3.0,1.0
810,2.0,1.0,6.0,2.0,3.0,1.0
811,2.0,1.0,6.0,2.0,3.0,1.0
812,2.0,1.0,6.0,2.0,3.0,1.0
813,2.0,1.0,6.0,2.0,3.0,1.0
814,2.0,1.0,6.0,2.0,3.0,1.0
815,2.0,1.0,6.0,2.0,3.0,1.0
816,2.0,1.0,6.0,2.0,3.0,1.0
817,2.0,1.0,6.0,2.0,3.0,1.0
818,2.0,1.0,6.0,2.0,3.0,1.0
819,2.0,1.0,6.0,2.0,3.0,1.0
820,2.0,1.0,6.0,2.0,3.0,1.0
821,2.0,1.0,6.0,2.0,3.0,1.0
822,2.0,1.0,6.0,2.0,3.0,1.0
823,2.0,1.0,6.0,2.0,3.0,1.0
824,2.0,1.0,6.0,2.0,3.0,1.0
825,2.0,1.0,6.0,2.0,3.0,1.0
826,2.0,1.0,6.0,2.0,3.0,1.0
827,2.0,1.0,6.0,2.0,3.0,1.0
828,2.0,1.0,6.0,2.0,3.0,1.0
829,2.0,1.0,6.0,2.0,3.0,1.0
830,2.0,1.0,6.0,2.0,3.0,1.0
831,2.0,1.0,6.0,2.0,3.0,1.0
832,2.0,1.0,6.0,2.0,3.0,1.0
833,2.0,1.0,6.0,2.0,3.0,1.0
834,2.0,1.0,6.0,2.0,3.0,1.0
835,2.0,1.0,6.0,2.0,3.0,1.0
836,2.0,1.0,6.0,2.0,3.0,1.0
837,2.0,1.0,6.0,2.0,3.0,1.0
838,2.0,1.0,6.0,2.0,3.0,1.0
839,2.0,1.0,6.0,2.0,3.0,1.0
840,2.0,1.0,6.0,2.0,3.0,1.0
841,2.0,1.0,6.0,2.0,3.0,1.0
842,2.0,1.0,6.0,2.0,3.0,1.0
843,2.0,1.0,6.0,2.0,3.0,1.0
844,2.0,1.0,6.0,2.0,3.0,1.0
845,2.0,1.0,6.0,2.0,3.0,1.0
846,2.0,1.0,6.0,2.0,3.0,1.0
847,2.0,1.0,6.0,2.0,3.0,1.0
848,2.0,1.0,6.0,2.0,3.0,1.0
849,2.0,1.0,6.0,2.0,3.0,1.0
850,2.0,1.0,6.0,2.0,3.0,1.0
851,2.0,1.0,6.0,2.0,3.0,1.0
852,2.0,1.0,6.0,2.0,3.0,1.0
853,2.0,1.0,6.0,2.0,3.0,1.0
854,2.0,1.0,6.0,2.0,3.0,1.0
855,2.0,1.0,6.0,2.0,3.0,1.0
856,2.0,1.0,6.0,2.0,3.0,1.0
857,2.0,1.0,6.0,2.0,3.0,1.0
858,2.0,1.0,6.0,2.0,3.0,1.0
859,2.0,1.0,6.0,2.0,3.0,1.0
860,2.0,1.0,6.0,2.0,3.0,1.0
861,2.0,1.0,6.0,2.0,3.0,1.0
862,2.0,1.0,6.0,2.0,3.0,1.0
863,2.0,1.0,6.0,2.0,3.0,1.0
864,2.0,1.0,6.0,2.0,3.0,1.0
865,2.0,1.0,6.0,2.0,3.0,1.0
866,2.0,1.0,6.0,2.0,3.0,1.0
867,2.0,1.0,6.0,2.0,3.0,1.0
868,2.0,1.0,6.0,2.0,3.0,1.0
869,2.0,1.0,6.0,2.0,3.0,1.0
870,2.0,1.0,6.0,2.0,3.0,1.0
871,2.0,1.0,6.0,2.0,3.0,1.0
872,2.0,1.0,6.0,2.0,3.0,1.0
873,2.0,1.0,6.0,2.0,3.0,1.0
874,2.0,1.0,6.0,2.0,3.0,1.0
875,2.0,1.0,6.0,2.0,3.0,1.0
876,2.0,1.0,6.0,2.0,3.0,1.0
877,2.0,1.0,6.0,2.0,3.0,1.0
878,2.0,1.0,6.0,2.0,3.0,1.0
879,2.0,1.0,6.0,2.0,3.0,1.0
880,2.0,1.0,6.0,2.0,3.0,1.0
881,2.0,1.0,6.0,2.0,3.0,1.0
882,2.0,1.0,6.0,2.0,3.0,1.0
883,2.0,1.0,6.0,2.0,3.0,1.0
884,2.0,1.0,6.0,2.0,3.0,1.0
885,2.0,1.0,6.0,2.0,3.0,1.0
886,2.0,1.0,6.0,2.0,3.0,1.0
887,2.0,1.0,6.0,2.0,3.0,1.0
888,2.0,1.0,6.0,2.0,3.0,1.0
889,2.0,1.0,6.0,2.0,3.0,1.0
890,2.0,1.0,6.0,2.0,3.0,1.0
891,2.0,1.0,6.0,2.0,3.0,1.0
892,2.0,1.0,6.0,2.0,3.0,1.0
893,2.0,1.0,6.0,2.0,3.0,1.0
894,2.0,1.0,6.0,2.0,3.0,1.0
895,2.0,1.0,6.0,2.0,3.0,1.0
896,2.0,1.0,6.0,2.0,3.0,1.0
897,2.0,1.0,6.0,2.0,3.0,1.0
898,2.0,1.0,6.0,2.0,3.0,1.0
899,2.0,1.0,6.0,2.0,3.0,1.0
900,2.0,1.0,6.0,2.0,3.0,1.0
901,2.0,1.0,6.0,2.0,3.0,1.0
902,2.0,1.0,6.0,2.0,3.0,1.0
903,2.0,1.0,6.0,2.0,3.0,1.0
904,2.0,1.0,6.0,2.0,3.0,1.0
905,2.0,1.0,6.0,2.0,3.0,1.0
906,2.0,1.0,6.0,2.0,3.0,1.0
907,2.0,1.0,6.0,2.0,3.0,1.0
908,2.0,1.0,6.0,2.0,3.0,1.0
909,2.0,1.0,6.0,2.0,3.0,1.0
910,2.0,1.0,6.0,2.0,3.0,1.0
911,2.0,1.0,6.0,2.0,3.0,1.0
912,2.0,1.0,6.0,2.0,3.0,1.0
913,2.0,1.0,6.0,2.0,3.0,1.0
914,2.0,1.0,6.0,2.0,3.0,1.0
915,2.0,1.0,6.0,2.0,3.0,1.0
916,2.0,1.0,6.0,2.0,3.0,1.0
917,2.0,1.0,6.0,2.0,3.0,1.0
918,2.0,1.0,6.0,2.0,3.0,1.0
919,2.0,1.0,6.0,2.0,3.0,1.0
920,2.0,1.0,6.0,2.0,3.0,1.0
921,2.0,1.0,6.0,2.0,3.0,1.0
922,2.0,1.0,6.0,2.0,3.0,1.0
923,2.0,1.0,6.0,2.0,3.0,1.0
924,2.0,1.0,6.0,2.0,3.0,1.0
925,2.0,1.0,6.0,2.0,3.0,1.0
926,2.0,1.0,6.0,2.0,3.0,1.0
927,2.0,1.0,6.0,2.0,3.0,1.0
928,2.0,1.0,6.0,2.0,3.0,1.0
929,2.0,1.0,6.0,2.0,3.0,1.0
930,2.0,1.0,6.0,2.0,3.0,1.0
931,2.0,1.0,6.0,2.0,3.0,1.0
932,2.0,1.0,6.0,2.0,3.0,1.0
933,2.0,1.0,6.0,2.0,3.0,1.0
934,2.0,1.0,6.0,2.0,3.0,1.0
935,2.0,1.0,6.0,2.0,3.0,1.0
936,2.0,1.0,6.0,2.0,3.0,1.0
937,2.0,1.0,6.0,2.0,3.0,1.0
938,2.0,1.0,6.0,2.0,3.0,1.0
939,2.0,1.0,6.0,2.0,3.0,1.0
940,2.0,1.0,6.0,2.0,3.0,1.0
941,2.0,1.0,6.0,2.0,3.0,1.0
942,2.0,1.0,6.0,2.0,3.0,1.0
943,2.0,1.0,6.0,2.0,3.0,1.0
944,2.0,1.0,6.0,2.0,3.0,1.0
945,2.0,1.0,6.0,2.0,3.0,1.0
946,2.0,1.0,6.0,2.0,3.0,1.0
947,2.0,1.0,6.0,2.0,3.0,1.0
948,2.0,1.0,6.0,2.0,3.0,1.0
949,2.0,1.0,6.0,2.0,3.0,1.0
950,2.0,1.0,6.0,2.0,3.0,1.0
951,2.0,1.0,6.0,2.0,3.0,1.0
952,2.0,1.0,6.0,2.0,3.0,1.0
953,2.0,1.0,6.0,2.0,3.0,1.0
954,2.0,1.0,6.0,2.0,3.0,1.0
955,2.0,1.0,6.0,2.0,3.0,1.0
956,2.0,1.0,6.0,2.0,3.0,1.0
957,2.0,1.0,6.0,2.0,3.0,1.0
958,2.0,1.0,6.0,2.0,3.0,1.0
959,2.0,1.0,6.0,2.0,3.0,1.0
960,2.0,1.0,6.0,2.0,3.0,1.0
961,2.0,1.0,6.0,2.0,3.0,1.0
962,2.0,1.0,6.0,2.0,3.0,1.0
963,2.0,1.0,6.0,2.0,3.0,1.0
964,2.0,1.0,6.0,2.0,3.0,1.0
965,2.0,1.0,6.0,2.0,3.0,1.0
966,2.0,1.0,6.0,2.0,3.0,1.0
967,2.0,1.0,6.0,2.0,3.0,1.0
968,2.0,1.0,6.0,2.0,3.0,1.0
969,2.0,1.0,6.0,2.0,3.0,1.0
970,2.0,1.0,6.0,2.0,3.0,1.0
971,2.0,1.0,6.0,2.0,3.0,1.0
972,2.0,1.0,6.0,2.0,3.0,1.0
973,2.0,1.0,6.0,2.0,3.0,1.0
974,2.0,1.0,6.0,2.0,3.0,1.0
975,2.0,1.0,6.0,2.0,3.0,1.0
976,2.0,1.0,6.0,2.0,3.0,1.0
977,2.0,1.0,6.0,2.0,3.0,1.0
978,2.0,1.0,6.0,2.0,3.0,1.0
979,2.0,1.0,6.0,2.0,3.0,1.0
980,2.0,1.0,6.0,2.0,3.0,1.0
981,2.0,1.0,6.0,2.0,3.0,1.0
982,2.0,1.0,6.0,2.0,3.0,1.0
983,2.0,1.0,6.0,2.0,3.0,1.0
984,2.0,1.0,6.0,2.0,3.0,1.0
985,2.0,1.0,6.0,2.0,3.0,1.0
986,2.0,1.0,6.0,2.0,3.0,1.0
987,2.0,1.0,6.0,2.0,3.0,1.0
988,2.0,1.0,6.0,2.0,3.0,1.0
989,2.0,1.0,6.0,2.0,3.0,1.0
990,2.0,1.0,6.0,2.0,3.0,1.0
991,2.0,1.0,6.0,2.0,3.0,1.0
992,2.0,1.0,6.0,2.0,3.0,1.0
993,2.0,1.0,6.0,2.0,3.0,1.0
994,2.0,1.0,6.0,2.0,3.0,1.0
995,2.0,1.0,6.0,2.0,3.0,1.0
996,2.0,1.0,6.0,2.0,3.0,1.0
997,2.0,1.0,6.0,2.0,3.0,1.0
998,2.0,1.0,6.0,2.0,3.0,1.0
999,2.0,1.0,6.0,2.0,3.0,1.0